Timestamp,Hazard_Type,Severity,Confidence,Latitude,Longitude
2026-09-05 23:37:27,Pothole,CRITICAL,0.83,16.180373,81.129612
2026-09-05 23:37:28,Pothole,CRITICAL,0.82,16.180286,81.130043
2026-09-05 23:37:29,Pothole,CRITICAL,0.82,16.180711,81.129663
2026-09-05 23:37:30,Pothole,CRITICAL,0.63,16.180177,81.130759
2026-09-05 23:37:31,Pothole,CRITICAL,0.67,16.181272,81.130372
2026-09-05 23:37:32,Pothole,CRITICAL,0.84,16.181188,81.130817
2026-09-05 23:37:33,Pothole,CRITICAL,0.90,16.180644,81.13109
2026-09-05 23:37:34,Pothole,CRITICAL,0.86,16.180218,81.129585
2026-09-05 23:37:35,Pothole,CRITICAL,0.92,16.180192,81.130212
2026-09-05 23:37:36,Pothole,CRITICAL,0.36,16.181604,81.130386
2026-09-05 23:37:38,Pothole,CRITICAL,0.38,16.181502,81.129779
2026-09-05 23:37:46,Pothole,CRITICAL,0.42,16.18148,81.129714
2026-09-05 23:37:47,Pothole,CRITICAL,0.87,16.18059,81.131003
2026-09-05 23:37:48,Pothole,CRITICAL,0.93,16.180404,81.130823
2026-09-05 23:37:49,Pothole,CRITICAL,0.92,16.180273,81.130473
2026-09-05 23:37:50,Pothole,CRITICAL,0.92,16.180816,81.130022
2026-09-05 23:37:51,Pothole,CRITICAL,0.94,16.180352,81.12987
2026-09-05 23:37:52,Pothole,CRITICAL,0.93,16.180283,81.130702
2026-09-05 23:37:53,Pothole,CRITICAL,0.93,16.180987,81.129823
2026-09-05 23:37:54,Pothole,CRITICAL,0.93,16.181632,81.130961
2026-09-05 23:37:55,Pothole,CRITICAL,0.93,16.181357,81.130818
2026-09-05 23:37:56,Pothole,CRITICAL,0.93,16.180886,81.129532
2026-09-05 23:37:57,Pothole,CRITICAL,0.92,16.180726,81.131014
2026-09-05 23:37:59,Pothole,CRITICAL,0.93,16.180535,81.130402
2026-09-05 23:38:00,Pothole,CRITICAL,0.92,16.181632,81.130781
2026-09-05 23:38:01,Pothole,CRITICAL,0.92,16.18035,81.130308
2026-09-05 23:38:02,Pothole,CRITICAL,0.92,16.180858,81.131051
2026-09-05 23:38:03,Pothole,CRITICAL,0.91,16.180971,81.131001
2026-09-05 23:38:04,Pothole,CRITICAL,0.91,16.181681,81.130976
2026-09-05 23:38:05,Pothole,CRITICAL,0.77,16.181642,81.130954
2026-09-05 23:38:06,Pothole,CRITICAL,0.49,16.181239,81.130797
2026-09-05 23:38:07,Pothole,CRITICAL,0.69,16.180253,81.129766
2026-09-05 23:38:12,Pothole,CRITICAL,0.43,16.180395,81.130139
2026-09-05 23:38:13,Pothole,CRITICAL,0.43,16.181286,81.131033
2026-09-05 23:38:14,Pothole,CRITICAL,0.49,16.180397,81.13056
2026-09-05 23:38:15,Pothole,CRITICAL,0.45,16.181481,81.130632
2026-09-05 23:38:19,Pothole,CRITICAL,0.75,16.181204,81.13022
2026-09-05 23:38:20,Pothole,CRITICAL,0.67,16.180391,81.130372
2026-09-05 23:38:21,Pothole,CRITICAL,0.93,16.180547,81.130504
2026-09-05 23:38:22,Pothole,CRITICAL,0.92,16.180778,81.131004
2026-09-05 23:38:23,Pothole,CRITICAL,0.92,16.180791,81.129688
2026-09-05 23:38:24,Pothole,CRITICAL,0.94,16.180992,81.130506
2026-09-05 23:44:18,Garbage,MODERATE,0.25,16.181372,81.130677
2026-09-05 23:44:19,Garbage,MODERATE,0.28,16.180258,81.130186
2026-09-05 23:44:20,Garbage,MODERATE,0.27,16.180878,81.130013
2026-09-05 23:44:22,Garbage,MODERATE,0.41,16.180953,81.13082
2026-09-05 23:44:23,Garbage,MODERATE,0.54,16.181533,81.129949
2026-09-05 23:44:24,Garbage,MODERATE,0.39,16.180687,81.130517
2026-09-05 23:44:26,Garbage,CRITICAL,0.27,16.181521,81.129955
2026-09-05 23:44:46,Garbage,MODERATE,0.29,16.180912,81.129667
2026-09-05 23:44:48,Garbage,MODERATE,0.26,16.180828,81.130301
2026-09-05 23:44:50,Garbage,CRITICAL,0.36,16.180644,81.129886
2026-09-05 23:45:04,Garbage,MODERATE,0.35,16.180335,81.130053
2026-09-05 23:45:05,Garbage,MODERATE,0.36,16.18089,81.130789
2026-09-05 23:45:06,Garbage,MODERATE,0.59,16.180648,81.129591
2026-09-05 23:45:07,Garbage,CRITICAL,0.69,16.180632,81.129621
2026-09-05 23:50:20,Garbage,CRITICAL,0.95,16.18106,81.129885
2026-09-05 23:50:21,Garbage,CRITICAL,0.95,16.181114,81.130381
2026-09-05 23:50:23,Garbage,MODERATE,0.75,16.181648,81.130983
2026-09-05 23:50:25,Garbage,MODERATE,0.54,16.181092,81.130933
2026-09-05 23:50:29,Garbage,MINOR,0.70,16.181018,81.129585
2026-09-05 23:50:31,Garbage,MODERATE,0.73,16.180566,81.129746
2026-09-05 23:50:47,Garbage,CRITICAL,0.95,16.181689,81.130245
2026-09-05 23:50:50,Garbage,MODERATE,0.74,16.181375,81.131044
2026-09-05 23:50:51,Garbage,CRITICAL,0.95,16.181096,81.130847
2026-09-05 23:50:52,Garbage,CRITICAL,0.95,16.180541,81.129578
2026-09-05 23:50:54,Garbage,CRITICAL,0.95,16.180616,81.130831
2026-09-05 23:50:56,Garbage,CRITICAL,0.77,16.180111,81.129752
2026-09-05 23:50:57,Garbage,CRITICAL,0.95,16.181355,81.130655
2026-09-05 23:50:58,Garbage,CRITICAL,0.95,16.181154,81.130473
2026-09-05 23:50:59,Garbage,CRITICAL,0.95,16.180596,81.130037
2026-09-05 23:51:01,Garbage,CRITICAL,0.95,16.18092,81.130816
2026-09-05 23:51:02,Garbage,CRITICAL,0.95,16.180352,81.130578
2026-09-05 23:51:03,Garbage,CRITICAL,0.95,16.180563,81.13086
2026-09-05 23:51:05,Garbage,CRITICAL,0.95,16.180365,81.130983
2026-09-05 23:51:09,Garbage,MODERATE,0.71,16.180184,81.130307
2026-09-05 23:53:12,Garbage,CRITICAL,0.96,16.181146,81.130414
2026-09-05 23:53:12,Garbage,CRITICAL,0.96,16.181419,81.129588
2026-09-05 23:53:14,Garbage,CRITICAL,0.96,16.180513,81.130747
2026-09-05 23:53:15,Garbage,CRITICAL,0.96,16.180818,81.130725
2026-09-05 23:53:17,Garbage,CRITICAL,0.79,16.181643,81.1309
2026-09-05 23:53:18,Garbage,CRITICAL,0.96,16.18083,81.130028
2026-09-05 23:53:19,Garbage,CRITICAL,0.96,16.181049,81.129814
2026-09-05 23:53:21,Garbage,CRITICAL,0.96,16.18149,81.130608
2026-09-05 23:53:22,Garbage,CRITICAL,0.96,16.180246,81.129868
2026-09-05 23:53:23,Garbage,CRITICAL,0.96,16.181106,81.129519
2026-09-05 23:53:25,Garbage,CRITICAL,0.96,16.180179,81.129859
2026-09-05 23:53:26,Garbage,CRITICAL,0.80,16.180373,81.130175
2026-09-05 23:53:27,Garbage,CRITICAL,0.96,16.180848,81.12975
2026-09-05 23:53:28,Garbage,CRITICAL,0.96,16.180267,81.130966
2026-09-05 23:53:30,Garbage,CRITICAL,0.96,16.18164,81.12977
2026-09-05 23:53:30,Garbage,CRITICAL,0.96,16.180397,81.130601
2026-09-05 23:53:32,Garbage,CRITICAL,0.96,16.181587,81.129921
2026-09-05 23:53:33,Garbage,CRITICAL,0.96,16.180671,81.130599
2026-09-05 23:53:34,Garbage,CRITICAL,0.96,16.181019,81.130593
2026-09-05 23:53:36,Garbage,CRITICAL,0.96,16.181052,81.1303
2026-09-05 23:53:37,Garbage,CRITICAL,0.96,16.180492,81.130143
2026-09-05 23:53:39,Pothole,MINOR,0.71,16.181695,81.130845
2026-09-05 23:53:40,Garbage,CRITICAL,0.96,16.180948,81.12962
2026-09-05 23:53:41,Garbage,CRITICAL,0.96,16.180875,81.130721
2026-09-05 23:53:43,Garbage,CRITICAL,0.96,16.181593,81.131097
2026-09-05 23:53:44,Garbage,CRITICAL,0.96,16.181573,81.130876
2026-09-05 23:53:47,Pothole,MINOR,0.71,16.181438,81.129799
2026-09-05 23:53:48,Garbage,CRITICAL,0.96,16.181512,81.131021
2026-09-05 23:53:49,Garbage,CRITICAL,0.96,16.180711,81.130787
2026-09-05 23:53:50,Garbage,CRITICAL,0.96,16.18111,81.130289
2026-09-05 23:53:52,Garbage,CRITICAL,0.96,16.181318,81.130688
2026-09-05 23:53:53,Garbage,CRITICAL,0.96,16.180536,81.129774
2026-09-05 23:57:04,Pothole,MODERATE,0.36,16.181131,81.12975
2026-09-05 23:57:05,Pothole,CRITICAL,0.79,16.181602,81.130919
2026-09-05 23:57:07,Pothole,CRITICAL,0.71,16.180948,81.130137
2026-09-05 23:57:08,Pothole,CRITICAL,0.83,16.180441,81.130334
2026-09-05 23:57:10,Pothole,MINOR,0.58,16.181098,81.129522
2026-09-05 23:59:06,Garbage,CRITICAL,0.92,16.180605,81.130986
2026-09-05 23:59:07,Pothole,CRITICAL,0.83,16.181139,81.130104
2026-09-05 23:59:09,Pothole,CRITICAL,0.84,16.180696,81.12983
2026-09-05 23:59:10,Pothole,CRITICAL,0.79,16.181255,81.130972
2026-09-05 23:59:11,Pothole,CRITICAL,0.83,16.181663,81.130242
2026-09-05 23:59:17,Garbage,CRITICAL,0.92,16.181498,81.130625
2026-09-05 23:59:21,Pothole,MODERATE,0.30,16.180694,81.129894
2026-09-05 23:59:23,Garbage,CRITICAL,0.92,16.18063,81.12989
2026-09-05 23:59:26,Garbage,CRITICAL,0.75,16.180196,81.12995
2026-09-05 23:59:27,Garbage,CRITICAL,0.75,16.18052,81.130185
2026-09-05 23:59:29,Garbage,CRITICAL,0.75,16.181333,81.130448
2026-09-05 23:59:30,Garbage,CRITICAL,0.74,16.180436,81.129999
2026-09-05 23:59:39,Garbage,CRITICAL,0.89,16.180567,81.129662
2026-09-06 00:03:56,Waterlogging,CRITICAL,0.86,16.181264,81.129617
2026-09-06 00:03:58,Waterlogging,CRITICAL,0.80,16.180259,81.130192
2026-09-06 00:03:59,Pothole,CRITICAL,0.75,16.180159,81.129622
2026-09-06 00:04:01,Garbage,CRITICAL,0.92,16.181051,81.130168
2026-09-06 00:04:02,Waterlogging,CRITICAL,0.94,16.180375,81.13033
2026-09-06 00:04:04,Garbage,CRITICAL,0.92,16.180848,81.130055
2026-09-06 00:04:05,Garbage,CRITICAL,0.92,16.180527,81.130055
2026-09-06 00:04:06,Garbage,CRITICAL,0.92,16.181696,81.130699
2026-09-06 00:04:08,Garbage,CRITICAL,0.92,16.181577,81.129719
2026-09-06 00:04:14,Waterlogging,CRITICAL,0.94,16.180747,81.130885
2026-09-06 00:04:15,Garbage,CRITICAL,0.92,16.18137,81.130516
2026-09-06 00:04:16,Waterlogging,CRITICAL,0.84,16.18145,81.130737
2026-09-06 00:04:18,Waterlogging,CRITICAL,0.80,16.180902,81.129648
2026-09-06 00:04:19,Garbage,CRITICAL,0.82,16.180753,81.130521
2026-09-06 00:04:21,Waterlogging,CRITICAL,0.78,16.1805,81.130004
2026-09-06 00:04:37,Garbage,CRITICAL,0.81,16.180966,81.129519
2026-09-06 00:04:39,Waterlogging,CRITICAL,0.94,16.180991,81.130627
2026-09-06 00:04:40,Garbage,CRITICAL,0.92,16.181116,81.130412
2026-09-06 00:04:42,Garbage,CRITICAL,0.92,16.180698,81.12986
2026-09-06 00:04:43,Garbage,CRITICAL,0.92,16.180411,81.13094
2026-09-06 00:04:44,Waterlogging,CRITICAL,0.78,16.181285,81.1308
2026-09-06 00:04:47,Garbage,CRITICAL,0.92,16.1817,81.129955
2026-09-06 00:04:49,Garbage,CRITICAL,0.92,16.180819,81.130326
2026-09-06 00:04:50,Waterlogging,CRITICAL,0.74,16.180627,81.130227
2026-09-06 00:04:52,Garbage,CRITICAL,0.92,16.180446,81.129592
2026-09-06 00:04:53,Garbage,CRITICAL,0.89,16.181158,81.129818
2026-09-06 00:04:55,Garbage,CRITICAL,0.92,16.180618,81.131017
2026-09-06 00:04:56,Garbage,CRITICAL,0.92,16.18093,81.13078
2026-09-06 00:04:57,Garbage,CRITICAL,0.92,16.18116,81.130182
2026-09-06 00:04:59,Garbage,CRITICAL,0.92,16.181338,81.130411
2026-09-06 00:05:00,Garbage,CRITICAL,0.92,16.180803,81.129501
2026-09-06 00:05:02,Waterlogging,CRITICAL,0.74,16.180653,81.130377
2026-09-06 00:05:17,Garbage,CRITICAL,0.92,16.180684,81.130252
2026-09-06 11:03:47,Waterlogging,CRITICAL,0.94,16.180393,81.13091
2026-09-06 11:03:47,Waterlogging,CRITICAL,0.92,16.180433,81.130244
2026-09-06 11:03:48,Waterlogging,CRITICAL,0.89,16.18015,81.130838
2026-09-06 11:03:49,Waterlogging,CRITICAL,0.92,16.18049,81.130691
2026-09-06 11:04:06,Pothole,MINOR,0.51,16.180977,81.130109
2026-09-06 11:04:07,Waterlogging,CRITICAL,0.94,16.18049,81.130201
2026-09-06 11:04:08,Waterlogging,CRITICAL,0.94,16.180558,81.131058
2026-09-06 11:04:09,Waterlogging,CRITICAL,0.94,16.180239,81.130224
2026-09-06 11:04:13,Pothole,MINOR,0.56,16.180563,81.130105
2026-09-06 11:04:14,Waterlogging,CRITICAL,0.94,16.180506,81.129896
2026-09-06 11:04:15,Pothole,MINOR,0.33,16.181296,81.130592
2026-09-06 11:04:16,Waterlogging,CRITICAL,0.94,16.180746,81.129756
2026-09-06 11:04:18,Waterlogging,CRITICAL,0.75,16.181061,81.129721
2026-09-06 11:04:20,Waterlogging,CRITICAL,0.85,16.181565,81.130597
2026-09-06 11:04:21,Waterlogging,CRITICAL,0.94,16.181437,81.130833
2026-09-06 11:04:23,Waterlogging,CRITICAL,0.94,16.18139,81.129652
2026-09-06 11:04:24,Waterlogging,CRITICAL,0.94,16.180881,81.129996
2026-09-06 11:04:27,Waterlogging,CRITICAL,0.78,16.180431,81.13018
2026-09-06 11:05:08,Waterlogging,CRITICAL,0.73,16.180405,81.129622
2026-09-06 11:05:14,Waterlogging,CRITICAL,0.82,16.180494,81.130858
2026-09-06 11:05:16,Waterlogging,CRITICAL,0.76,16.180483,81.129872
2026-09-06 11:05:17,Garbage,CRITICAL,0.92,16.181416,81.130154
2026-09-06 11:05:18,Waterlogging,CRITICAL,0.94,16.181358,81.130905
2026-09-06 11:05:21,Waterlogging,CRITICAL,0.94,16.180511,81.129839
2026-09-06 11:05:22,Waterlogging,CRITICAL,0.94,16.181384,81.130966
2026-09-06 11:05:24,Garbage,CRITICAL,0.92,16.18083,81.12996
2026-09-06 11:05:25,Garbage,CRITICAL,0.92,16.180921,81.129529
2026-09-06 11:05:26,Waterlogging,CRITICAL,0.94,16.181231,81.130747
2026-09-06 11:05:27,Waterlogging,CRITICAL,0.94,16.180306,81.130851
2026-09-06 11:05:29,Waterlogging,CRITICAL,0.94,16.180445,81.130915
2026-09-06 11:05:31,Waterlogging,CRITICAL,0.94,16.181258,81.130992
2026-09-06 11:05:32,Waterlogging,CRITICAL,0.94,16.180257,81.130858
2026-09-06 11:05:33,Waterlogging,CRITICAL,0.94,16.180586,81.130602
2026-09-06 11:05:34,Waterlogging,CRITICAL,0.94,16.180341,81.129723
2026-09-06 11:05:36,Waterlogging,CRITICAL,0.78,16.180964,81.130348
2026-09-06 11:05:37,Waterlogging,CRITICAL,0.94,16.180738,81.130142
2026-09-06 11:05:42,Waterlogging,CRITICAL,0.93,16.18023,81.131065
2026-09-06 11:05:43,Waterlogging,CRITICAL,0.94,16.180475,81.130162
2026-09-06 11:05:45,Waterlogging,CRITICAL,0.81,16.181325,81.130054
2026-09-06 11:05:46,Waterlogging,CRITICAL,0.81,16.181557,81.130968
2026-09-06 11:05:47,Waterlogging,CRITICAL,0.75,16.181188,81.130339
2026-09-06 11:05:48,Waterlogging,CRITICAL,0.74,16.180943,81.129849
2026-09-06 11:05:50,Waterlogging,CRITICAL,0.74,16.180819,81.130826
2026-09-06 11:05:51,Waterlogging,CRITICAL,0.74,16.181509,81.129668
2026-09-06 11:05:52,Waterlogging,CRITICAL,0.74,16.180337,81.130711
2026-09-06 11:05:53,Waterlogging,CRITICAL,0.74,16.180373,81.130197
2026-09-06 11:05:55,Waterlogging,CRITICAL,0.74,16.181418,81.130578
2026-09-06 11:05:56,Waterlogging,CRITICAL,0.74,16.180899,81.129648
2026-09-06 11:05:57,Waterlogging,CRITICAL,0.75,16.181125,81.131031
2026-09-06 11:05:58,Waterlogging,CRITICAL,0.75,16.181253,81.130254
2026-09-06 11:11:43,Waterlogging,CRITICAL,0.74,16.181204,81.130163
2026-09-06 11:11:44,Waterlogging,CRITICAL,0.81,16.181272,81.130805
2026-09-06 11:11:47,Waterlogging,CRITICAL,0.78,16.181646,81.129967
2026-09-06 11:11:48,Waterlogging,CRITICAL,0.94,16.180526,81.130112
2026-09-06 11:12:16,Waterlogging,CRITICAL,0.84,16.180531,81.130419
2026-09-06 11:12:17,Waterlogging,CRITICAL,0.94,16.181066,81.129964
2026-09-06 11:12:19,Pothole,CRITICAL,0.77,16.180948,81.129745
2026-09-06 11:12:20,Waterlogging,CRITICAL,0.94,16.181332,81.129612
2026-09-06 11:12:21,Garbage,CRITICAL,0.92,16.180822,81.130983
2026-09-06 11:12:22,Garbage,CRITICAL,0.92,16.180985,81.130817
2026-09-06 11:12:24,Garbage,CRITICAL,0.92,16.180709,81.130356
2026-09-06 11:12:25,Garbage,CRITICAL,0.92,16.180642,81.129908
2026-09-06 11:12:26,Garbage,CRITICAL,0.92,16.18089,81.129978
2026-09-06 11:12:27,Garbage,CRITICAL,0.92,16.181087,81.129873
2026-09-06 11:12:28,Waterlogging,CRITICAL,0.94,16.181166,81.129868
2026-09-06 11:12:30,Waterlogging,CRITICAL,0.94,16.180613,81.130524
2026-09-06 11:12:31,Waterlogging,CRITICAL,0.94,16.18067,81.130548
2026-09-06 11:12:32,Waterlogging,CRITICAL,0.94,16.180297,81.129766
2026-09-06 11:12:33,Garbage,CRITICAL,0.92,16.181546,81.130547
2026-09-06 11:12:35,Garbage,CRITICAL,0.92,16.181063,81.130279
2026-09-06 11:12:36,Waterlogging,CRITICAL,0.94,16.181681,81.130016
2026-09-06 11:12:37,Waterlogging,CRITICAL,0.94,16.181547,81.130871
2026-09-06 11:12:38,Waterlogging,CRITICAL,0.76,16.181347,81.130821
2026-09-06 11:12:40,Waterlogging,CRITICAL,0.78,16.181128,81.130056
2026-09-06 11:12:41,Waterlogging,CRITICAL,0.94,16.181256,81.130284
2026-09-06 11:12:43,Waterlogging,CRITICAL,0.94,16.181042,81.129731
2026-09-06 11:12:44,Waterlogging,CRITICAL,0.94,16.181305,81.130229
2026-09-06 11:12:46,Waterlogging,CRITICAL,0.78,16.180442,81.130798
2026-09-06 11:12:47,Garbage,CRITICAL,0.81,16.18119,81.130432
2026-09-06 11:12:48,Garbage,CRITICAL,0.79,16.180525,81.130531
2026-09-06 11:12:52,Waterlogging,CRITICAL,0.74,16.180858,81.131024
2026-09-06 11:12:53,Waterlogging,CRITICAL,0.77,16.18156,81.130476
2026-09-06 11:12:55,Waterlogging,CRITICAL,0.75,16.180988,81.130069
2026-09-06 11:12:56,Waterlogging,CRITICAL,0.73,16.180486,81.129874
2026-09-06 11:12:57,Garbage,CRITICAL,0.75,16.181226,81.130989
2026-09-06 11:12:58,Garbage,CRITICAL,0.76,16.180383,81.130833
2026-09-06 11:13:00,Waterlogging,CRITICAL,0.77,16.180312,81.12997
2026-09-06 11:13:01,Garbage,CRITICAL,0.75,16.181139,81.130874
2026-09-06 11:13:02,Garbage,CRITICAL,0.75,16.180558,81.130081
2026-09-06 11:13:03,Waterlogging,CRITICAL,0.75,16.181079,81.13042
2026-09-06 11:13:16,Waterlogging,CRITICAL,0.91,16.180256,81.130685
2026-09-06 11:13:17,Waterlogging,CRITICAL,0.89,16.181004,81.129587
2026-09-06 11:13:18,Waterlogging,CRITICAL,0.93,16.181151,81.130912
2026-09-06 11:13:20,Waterlogging,CRITICAL,0.94,16.181546,81.131074
2026-09-06 11:13:26,Garbage,CRITICAL,0.76,16.181308,81.130047
2026-09-06 11:15:15,Waterlogging,CRITICAL,0.84,16.18114,81.12996
2026-09-06 11:15:15,Waterlogging,CRITICAL,0.84,16.181291,81.130254
2026-09-06 11:15:17,Waterlogging,CRITICAL,0.94,16.181591,81.130709
2026-09-06 11:15:18,Garbage,CRITICAL,0.92,16.181284,81.130426
2026-09-06 11:15:19,Waterlogging,CRITICAL,0.94,16.181117,81.130172
2026-09-06 11:15:20,Waterlogging,CRITICAL,0.94,16.180849,81.130812
2026-09-06 11:15:22,Waterlogging,CRITICAL,0.94,16.180986,81.130929
2026-09-06 11:15:23,Waterlogging,CRITICAL,0.94,16.181516,81.130496
2026-09-06 11:15:24,Waterlogging,CRITICAL,0.94,16.181469,81.131066
2026-09-06 11:15:25,Waterlogging,CRITICAL,0.94,16.180876,81.131
2026-09-06 11:15:27,Waterlogging,CRITICAL,0.94,16.180385,81.129905
2026-09-06 11:15:28,Garbage,CRITICAL,0.92,16.180464,81.130861
2026-09-06 11:15:29,Waterlogging,CRITICAL,0.94,16.181516,81.129739
2026-09-06 11:15:30,Waterlogging,CRITICAL,0.94,16.180788,81.129672
2026-09-06 11:15:32,Garbage,CRITICAL,0.91,16.181403,81.130164
2026-09-06 11:15:33,Waterlogging,CRITICAL,0.94,16.181145,81.131036
2026-09-06 11:15:34,Pothole,CRITICAL,0.82,16.180585,81.129753
2026-09-06 11:15:35,Waterlogging,CRITICAL,0.84,16.181312,81.130903
2026-09-06 11:15:37,Waterlogging,CRITICAL,0.82,16.180147,81.129964
2026-09-06 11:15:38,Waterlogging,CRITICAL,0.83,16.181191,81.129866
2026-09-06 11:15:39,Waterlogging,CRITICAL,0.85,16.181368,81.130612
2026-09-06 11:15:41,Garbage,CRITICAL,0.74,16.180994,81.130306
2026-09-06 11:15:42,Garbage,CRITICAL,0.77,16.180877,81.130205
2026-09-06 11:15:44,Garbage,CRITICAL,0.77,16.180963,81.130547
2026-09-06 11:15:45,Waterlogging,CRITICAL,0.94,16.18049,81.13104
2026-09-06 11:15:46,Waterlogging,CRITICAL,0.84,16.180562,81.130804
2026-09-06 11:15:48,Waterlogging,CRITICAL,0.86,16.18165,81.129946
2026-09-06 11:15:49,Waterlogging,CRITICAL,0.76,16.181544,81.129701
2026-09-06 11:15:50,Waterlogging,CRITICAL,0.75,16.181212,81.12977
2026-09-06 11:15:51,Waterlogging,CRITICAL,0.76,16.180482,81.130932
2026-09-06 11:28:15,Waterlogging,CRITICAL,0.83,16.180937,81.130854
2026-09-06 11:28:18,Waterlogging,CRITICAL,0.74,16.181466,81.130065
2026-09-06 11:28:19,Pothole,CRITICAL,0.41,16.181079,81.130862
2026-09-06 11:28:21,Pothole,MODERATE,0.48,16.180911,81.131007
2026-09-06 11:28:22,Pothole,CRITICAL,0.78,16.180101,81.129985
2026-09-06 11:28:23,Waterlogging,CRITICAL,0.94,16.181044,81.130825
2026-09-06 11:28:24,Waterlogging,CRITICAL,0.94,16.180122,81.130575
2026-09-06 11:28:26,Waterlogging,CRITICAL,0.94,16.180524,81.129885
2026-09-06 11:28:28,Pothole,CRITICAL,0.71,16.180433,81.129914
2026-09-06 11:28:29,Waterlogging,CRITICAL,0.94,16.181482,81.129608
2026-09-06 11:28:30,Waterlogging,CRITICAL,0.94,16.180363,81.131087
2026-09-06 11:28:32,Waterlogging,CRITICAL,0.94,16.18126,81.129849
2026-09-06 11:28:33,Waterlogging,CRITICAL,0.94,16.180954,81.12991
2026-09-06 11:28:34,Garbage,CRITICAL,0.92,16.181015,81.130091
2026-09-06 11:28:35,Garbage,CRITICAL,0.92,16.180296,81.130931
2026-09-06 11:28:39,Waterlogging,CRITICAL,0.80,16.180372,81.130808
2026-09-06 11:28:40,Waterlogging,CRITICAL,0.76,16.181328,81.129832
2026-09-06 11:33:43,Waterlogging,CRITICAL,0.94,16.180972,81.12952
2026-09-06 11:33:44,Waterlogging,CRITICAL,0.94,16.181383,81.129962
2026-09-06 11:33:45,Waterlogging,CRITICAL,0.94,16.181655,81.130706
2026-09-06 11:33:46,Waterlogging,CRITICAL,0.94,16.180483,81.130491
2026-09-06 11:33:48,Waterlogging,CRITICAL,0.94,16.180638,81.130893
2026-09-06 11:33:49,Waterlogging,CRITICAL,0.93,16.18108,81.13009
2026-09-06 11:33:50,Waterlogging,CRITICAL,0.94,16.180367,81.130212
2026-09-06 11:33:51,Waterlogging,CRITICAL,0.94,16.181001,81.129794
2026-09-06 11:33:53,Waterlogging,CRITICAL,0.94,16.180812,81.130648
2026-09-06 11:33:54,Waterlogging,CRITICAL,0.94,16.180871,81.129967
2026-09-06 11:33:55,Waterlogging,CRITICAL,0.94,16.181123,81.130484
2026-09-06 11:33:56,Garbage,CRITICAL,0.92,16.18015,81.130582
2026-09-06 11:33:58,Garbage,CRITICAL,0.92,16.180226,81.12954
2026-09-06 11:33:59,Pothole,CRITICAL,0.73,16.18147,81.129946
2026-09-06 11:34:00,Garbage,CRITICAL,0.92,16.180624,81.130867
2026-09-06 11:34:01,Waterlogging,CRITICAL,0.94,16.180132,81.130532
2026-09-06 11:34:03,Waterlogging,CRITICAL,0.94,16.181046,81.130439
2026-09-06 11:34:04,Garbage,CRITICAL,0.92,16.180772,81.13063
2026-09-06 11:34:05,Garbage,CRITICAL,0.92,16.181485,81.130947
2026-09-06 11:55:34,Waterlogging,CRITICAL,0.94,16.181212,81.130999
2026-09-06 11:55:35,Waterlogging,CRITICAL,0.79,16.180861,81.130448
2026-09-06 11:55:36,Waterlogging,CRITICAL,0.78,16.181038,81.130212
2026-09-06 11:55:37,Waterlogging,CRITICAL,0.79,16.180847,81.130722
2026-09-06 11:55:38,Waterlogging,CRITICAL,0.78,16.180264,81.129921
2026-09-06 11:55:40,Waterlogging,CRITICAL,0.78,16.180785,81.131068
2026-09-06 11:55:41,Garbage,CRITICAL,0.74,16.180609,81.13087
2026-09-06 11:55:43,Pothole,MINOR,0.68,16.181061,81.13021
2026-09-06 11:55:44,Pothole,MINOR,0.41,16.181613,81.13072
2026-09-06 11:55:46,Pothole,CRITICAL,0.82,16.180337,81.130778
2026-09-06 11:55:47,Pothole,CRITICAL,0.75,16.18095,81.129609
2026-09-06 11:55:48,Pothole,CRITICAL,0.79,16.180823,81.130674
2026-09-06 11:55:49,Waterlogging,CRITICAL,0.94,16.180718,81.129711
2026-09-06 11:56:19,Waterlogging,CRITICAL,0.77,16.181498,81.130105
2026-09-06 12:08:25,Waterlogging,CRITICAL,0.80,16.180827,81.12963
2026-09-06 12:08:26,Waterlogging,CRITICAL,0.94,16.180453,81.130236
2026-09-06 12:08:28,Waterlogging,CRITICAL,0.83,16.181239,81.129659
2026-09-06 12:08:29,Waterlogging,CRITICAL,0.94,16.181292,81.130737
2026-09-06 12:08:30,Waterlogging,CRITICAL,0.94,16.180283,81.130443
2026-09-06 12:08:31,Waterlogging,CRITICAL,0.94,16.181382,81.129837
2026-09-06 12:08:33,Waterlogging,CRITICAL,0.94,16.18126,81.130172
2026-09-06 12:08:34,Waterlogging,CRITICAL,0.94,16.180766,81.129987
2026-09-06 12:08:35,Garbage,CRITICAL,0.79,16.180561,81.130494
2026-09-06 12:08:40,Waterlogging,CRITICAL,0.88,16.180241,81.130372
2026-09-06 12:08:42,Waterlogging,CRITICAL,0.77,16.180561,81.129515
2026-09-06 12:08:56,Waterlogging,CRITICAL,0.83,16.18162,81.130671
2026-09-06 12:09:01,Waterlogging,CRITICAL,0.83,16.181211,81.130035
2026-09-06 12:09:04,Waterlogging,CRITICAL,0.81,16.18022,81.129509
2026-09-06 12:09:07,Waterlogging,CRITICAL,0.91,16.181584,81.130763
2026-09-06 12:09:10,Waterlogging,CRITICAL,0.81,16.181097,81.131097
2026-09-06 12:09:12,Waterlogging,CRITICAL,0.93,16.180813,81.130728
2026-09-06 12:09:13,Waterlogging,CRITICAL,0.73,16.181195,81.12986
2026-09-06 12:09:15,Waterlogging,CRITICAL,0.74,16.180113,81.129503
2026-09-06 12:09:16,Waterlogging,CRITICAL,0.74,16.180238,81.130967
2026-09-06 12:09:18,Waterlogging,CRITICAL,0.78,16.181138,81.13045
2026-09-06 12:09:19,Waterlogging,CRITICAL,0.76,16.18145,81.130387
2026-09-06 12:09:20,Waterlogging,CRITICAL,0.74,16.180907,81.130614
2026-09-06 12:09:22,Waterlogging,CRITICAL,0.77,16.18169,81.130349
2026-09-06 12:11:22,Waterlogging,CRITICAL,0.74,16.180164,81.130546
2026-09-06 12:11:24,Waterlogging,CRITICAL,0.74,16.181236,81.130437
2026-09-06 12:11:25,Waterlogging,CRITICAL,0.82,16.1816,81.130602
2026-09-06 12:11:27,Waterlogging,CRITICAL,0.79,16.181084,81.13013
2026-09-06 12:11:28,Waterlogging,CRITICAL,0.80,16.181642,81.130016
2026-09-06 12:11:29,Waterlogging,CRITICAL,0.80,16.180278,81.131088
2026-09-06 12:11:31,Waterlogging,CRITICAL,0.78,16.180675,81.130556
2026-09-06 12:11:32,Waterlogging,CRITICAL,0.77,16.180594,81.130561
2026-09-06 12:11:33,Waterlogging,CRITICAL,0.86,16.181193,81.130669
2026-09-06 12:11:35,Waterlogging,CRITICAL,0.74,16.180511,81.12996
2026-09-06 12:11:36,Waterlogging,CRITICAL,0.76,16.181512,81.130607
2026-09-06 12:11:38,Waterlogging,CRITICAL,0.75,16.181061,81.130281
2026-09-06 12:11:39,Waterlogging,CRITICAL,0.88,16.180339,81.13044
2026-09-06 12:11:41,Waterlogging,CRITICAL,0.74,16.180767,81.130326
2026-09-06 12:11:42,Waterlogging,CRITICAL,0.75,16.180753,81.129748
2026-09-06 12:11:44,Waterlogging,CRITICAL,0.87,16.180226,81.130692
2026-09-06 12:11:45,Waterlogging,CRITICAL,0.84,16.180772,81.130972
2026-09-06 12:18:11,Waterlogging,CRITICAL,0.76,16.180382,81.130452
2026-09-06 12:18:12,Waterlogging,CRITICAL,0.94,16.181179,81.129829
2026-09-06 12:18:14,Waterlogging,CRITICAL,0.75,16.180717,81.130514
2026-09-06 12:18:15,Waterlogging,CRITICAL,0.76,16.181556,81.129766
2026-09-06 12:18:16,Waterlogging,CRITICAL,0.76,16.180281,81.130843
2026-09-06 12:18:18,Waterlogging,CRITICAL,0.76,16.180324,81.130288
2026-09-06 12:18:19,Waterlogging,CRITICAL,0.75,16.181013,81.129521
2026-09-06 12:18:20,Waterlogging,CRITICAL,0.75,16.180951,81.129828
2026-09-06 12:18:21,Waterlogging,CRITICAL,0.75,16.180624,81.130654
2026-09-06 12:18:23,Waterlogging,CRITICAL,0.75,16.180281,81.130111
2026-09-06 12:18:24,Waterlogging,CRITICAL,0.91,16.180874,81.131048
2026-09-06 12:18:26,Waterlogging,CRITICAL,0.87,16.180319,81.129833
2026-09-06 12:18:27,Waterlogging,CRITICAL,0.82,16.180566,81.130808
2026-09-06 12:18:29,Waterlogging,CRITICAL,0.75,16.1815,81.130141
2026-09-06 12:18:30,Waterlogging,CRITICAL,0.75,16.180698,81.129889
2026-09-06 12:18:31,Waterlogging,CRITICAL,0.75,16.180587,81.131041
2026-09-06 12:18:32,Waterlogging,CRITICAL,0.75,16.180404,81.13028
2026-09-06 12:18:34,Waterlogging,CRITICAL,0.75,16.180444,81.130981
2026-09-06 12:18:35,Waterlogging,CRITICAL,0.74,16.181425,81.129953
2026-09-06 12:18:37,Waterlogging,CRITICAL,0.74,16.18057,81.130696
2026-09-06 12:18:38,Waterlogging,CRITICAL,0.74,16.180723,81.129625
2026-09-06 12:18:39,Waterlogging,CRITICAL,0.75,16.181582,81.129639
2026-09-06 12:18:40,Waterlogging,CRITICAL,0.75,16.181276,81.129694
2026-09-06 12:18:46,Waterlogging,CRITICAL,0.75,16.180317,81.130648
2026-09-06 12:18:47,Waterlogging,CRITICAL,0.87,16.181254,81.129556
2026-09-06 12:18:48,Garbage,CRITICAL,0.92,16.181284,81.130907
2026-09-06 12:18:50,Waterlogging,CRITICAL,0.74,16.180301,81.129616
2026-09-06 12:18:53,Waterlogging,CRITICAL,0.81,16.181255,81.129711
2026-09-06 12:18:55,Waterlogging,CRITICAL,0.79,16.180457,81.130334
2026-09-06 12:18:56,Waterlogging,CRITICAL,0.77,16.181275,81.130168
2026-09-06 12:18:57,Waterlogging,CRITICAL,0.77,16.180181,81.129619
2026-09-06 12:18:59,Waterlogging,CRITICAL,0.77,16.181188,81.130961
2026-09-06 12:19:00,Waterlogging,CRITICAL,0.75,16.181244,81.130041
2026-09-06 12:19:01,Waterlogging,CRITICAL,0.75,16.181681,81.130184
2026-09-06 12:19:02,Waterlogging,CRITICAL,0.75,16.180364,81.13086
2026-09-06 12:19:04,Waterlogging,CRITICAL,0.74,16.181197,81.130465
2026-09-06 12:19:05,Waterlogging,CRITICAL,0.75,16.181561,81.13005
2026-09-06 12:19:06,Waterlogging,CRITICAL,0.78,16.18121,81.129864
2026-09-06 12:19:07,Waterlogging,CRITICAL,0.76,16.180949,81.130309
2026-09-06 12:19:09,Waterlogging,CRITICAL,0.75,16.180949,81.130886
2026-09-06 12:19:10,Waterlogging,CRITICAL,0.75,16.180463,81.130647
2026-09-06 12:22:48,Pothole,MINOR,0.32,16.180861,81.131061
2026-09-06 12:22:49,Pothole,MODERATE,0.49,16.181153,81.129675
2026-09-06 12:22:51,Garbage,CRITICAL,0.92,16.180719,81.129581
2026-09-06 12:22:51,Pothole,CRITICAL,0.88,16.181507,81.130498
2026-09-06 12:22:53,Garbage,CRITICAL,0.92,16.181444,81.129926
2026-09-06 12:22:54,Garbage,CRITICAL,0.92,16.181005,81.130936
2026-09-06 12:22:54,Pothole,CRITICAL,0.64,16.181531,81.129937
2026-09-06 12:22:55,Garbage,CRITICAL,0.92,16.180257,81.129506
2026-09-06 12:22:55,Pothole,CRITICAL,0.91,16.180346,81.131068
2026-09-06 12:22:57,Garbage,CRITICAL,0.92,16.180776,81.130468
2026-09-06 12:22:57,Pothole,CRITICAL,0.89,16.180307,81.130144
2026-09-06 12:22:58,Garbage,CRITICAL,0.92,16.181552,81.130626
2026-09-06 12:22:58,Pothole,CRITICAL,0.91,16.180689,81.130976
2026-09-06 12:29:17,Pothole,MODERATE,0.48,16.180619,81.130152
2026-09-06 12:29:18,Pothole,CRITICAL,0.84,16.180934,81.130579
2026-09-06 12:29:18,Garbage,CRITICAL,0.92,16.180205,81.130554
2026-09-06 12:29:19,Pothole,CRITICAL,0.90,16.180174,81.129571
2026-09-06 12:29:21,Pothole,CRITICAL,0.90,16.180921,81.12997
2026-09-06 12:29:22,Pothole,CRITICAL,0.91,16.181164,81.13049
2026-09-06 12:38:36,Garbage,CRITICAL,0.75,16.18129,81.130023
2026-09-06 12:38:38,Pothole,MODERATE,0.65,16.18021,81.130206
2026-09-06 12:38:39,Pothole,CRITICAL,0.69,16.181561,81.130637
2026-09-06 12:38:39,Garbage,CRITICAL,0.92,16.181196,81.129615
2026-09-06 12:38:40,Pothole,CRITICAL,0.91,16.180421,81.130077
2026-09-06 12:38:42,Pothole,CRITICAL,0.90,16.181614,81.130268
2026-09-06 12:38:43,Pothole,CRITICAL,0.92,16.180625,81.130126
2026-09-06 12:38:44,Garbage,CRITICAL,0.76,16.180431,81.129928
2026-09-06 15:35:45,Pothole,CRITICAL,0.90,16.180836,81.129972
2026-09-06 15:35:46,Pothole,CRITICAL,0.87,16.180303,81.129697
2026-09-06 15:36:08,Garbage,CRITICAL,0.79,16.180168,81.129872
2026-09-06 15:36:11,Garbage,CRITICAL,0.74,16.180737,81.130484
2026-09-06 15:36:12,Garbage,CRITICAL,0.75,16.181606,81.13004
2026-09-06 15:36:20,Garbage,CRITICAL,0.76,16.181353,81.130123
2026-09-06 15:42:57,AP-234,Pothole,MINOR,0.42,16.180195,81.130811
2026-09-06 15:42:57,AP-234,Garbage,CRITICAL,0.92,16.180246,81.129721
2026-09-06 15:42:58,AP-234,Pothole,CRITICAL,0.88,16.180502,81.130929
2026-09-06 15:42:59,AP-234,Garbage,CRITICAL,0.80,16.180227,81.130025
2026-09-06 15:43:01,AP-234,Garbage,CRITICAL,0.92,16.181414,81.130743
2026-09-06 15:43:02,AP-234,Pothole,CRITICAL,0.79,16.18102,81.130055
2026-09-06 15:43:04,AP-234,Pothole,MINOR,0.52,16.18146,81.130558
2026-09-06 15:43:05,AP-234,Pothole,CRITICAL,0.72,16.180643,81.130308
2026-09-06 15:43:08,AP-234,Pothole,MINOR,0.42,16.181202,81.130695
2026-09-06 15:43:09,AP-234,Pothole,CRITICAL,0.81,16.18035,81.130507
2026-09-06 15:43:10,AP-234,Pothole,CRITICAL,0.84,16.180566,81.130362
2026-09-06 15:43:25,AP-234,Garbage,CRITICAL,0.90,16.180931,81.129802
2026-09-06 15:43:25,AP-234,Pothole,CRITICAL,0.73,16.181686,81.13077
2026-09-06 15:43:27,AP-234,Pothole,CRITICAL,0.86,16.181418,81.130237
2026-09-06 15:43:27,AP-234,Garbage,CRITICAL,0.92,16.180121,81.129973
2026-09-06 15:43:32,AP-234,Garbage,CRITICAL,0.76,16.180669,81.130268
2026-09-06 15:43:34,AP-234,Garbage,CRITICAL,0.75,16.181483,81.129662
2026-09-06 15:43:36,AP-234,Garbage,CRITICAL,0.75,16.180629,81.130688
2026-09-06 15:45:28,AP-234,Garbage,CRITICAL,0.92,16.180444,81.129968
2026-09-06 15:45:28,AP-234,Pothole,CRITICAL,0.83,16.181426,81.130538
2026-09-06 15:45:29,AP-234,Pothole,CRITICAL,0.87,16.180426,81.130056
2026-09-06 15:45:43,AP-234,Garbage,CRITICAL,0.92,16.181493,81.130933
2026-09-06 15:45:49,AP-234,Pothole,CRITICAL,0.84,16.180246,81.129905
2026-09-06 15:45:49,AP-234,Garbage,CRITICAL,0.83,16.180983,81.13032
2026-09-06 15:45:50,AP-234,Pothole,CRITICAL,0.75,16.180811,81.130478
2026-09-06 15:45:50,AP-234,Garbage,CRITICAL,0.75,16.180558,81.12971
2026-09-06 15:45:51,AP-234,Pothole,CRITICAL,0.87,16.181194,81.129826
2026-09-06 15:45:53,AP-234,Pothole,CRITICAL,0.83,16.181693,81.131015
2026-09-06 15:45:54,AP-234,Pothole,CRITICAL,0.78,16.18015,81.129852
2026-09-06 15:45:54,AP-234,Garbage,CRITICAL,0.77,16.181517,81.129594
2026-09-06 15:47:17,AP-234,Garbage,CRITICAL,0.74,16.180142,81.129776
2026-09-06 15:47:19,AP-234,Pothole,CRITICAL,0.77,16.180611,81.129503
2026-09-06 15:47:19,AP-234,Garbage,CRITICAL,0.92,16.180404,81.130812
2026-09-06 15:47:21,AP-234,Pothole,CRITICAL,0.82,16.181331,81.129661
2026-09-06 15:47:22,AP-234,Pothole,CRITICAL,0.85,16.181125,81.130751
2026-09-06 15:47:23,AP-234,Pothole,CRITICAL,0.59,16.181156,81.129932
2026-09-06 15:53:13,AP-234,Garbage,CRITICAL,0.92,16.181379,81.129592
2026-09-06 15:53:14,AP-234,Pothole,CRITICAL,0.52,16.181258,81.130258
2026-09-06 15:53:14,AP-234,Garbage,CRITICAL,0.92,16.181421,81.129833
2026-09-06 15:53:15,AP-234,Pothole,MINOR,0.38,16.180302,81.12978
2026-09-06 15:53:16,AP-234,Garbage,CRITICAL,0.89,16.180537,81.130739
2026-09-06 15:53:17,AP-234,Garbage,CRITICAL,0.92,16.180844,81.130363
2026-09-06 15:53:17,AP-234,Pothole,CRITICAL,0.78,16.180107,81.130444
2026-09-06 15:53:18,AP-234,Garbage,CRITICAL,0.92,16.180859,81.129815
2026-09-06 15:53:18,AP-234,Pothole,CRITICAL,0.92,16.180646,81.130838
2026-09-06 15:53:19,AP-234,Garbage,CRITICAL,0.92,16.181253,81.129703
2026-09-06 15:53:20,AP-234,Pothole,CRITICAL,0.92,16.18164,81.129764
2026-09-06 15:53:28,AP-234,Garbage,CRITICAL,0.74,16.180623,81.13036
2026-09-06 15:53:29,AP-234,Garbage,CRITICAL,0.74,16.181349,81.130359
2026-09-06 15:53:35,AP-234,Garbage,CRITICAL,0.75,16.180756,81.130736
2026-09-06 15:53:36,AP-234,Pothole,CRITICAL,0.71,16.181057,81.130299
2026-09-06 15:53:37,AP-234,Pothole,CRITICAL,0.89,16.18049,81.129639
2026-09-06 15:53:38,AP-234,Garbage,CRITICAL,0.75,16.181471,81.129862
2026-09-06 15:54:51,AP-234,Garbage,CRITICAL,0.75,16.180308,81.129814
2026-09-06 15:54:51,AP-234,Pothole,MODERATE,0.18,16.181055,81.130926
2026-09-06 15:54:52,AP-234,Garbage,CRITICAL,0.91,16.181372,81.131055
2026-09-06 15:54:52,AP-234,Pothole,CRITICAL,0.81,16.180101,81.130266
2026-09-06 15:54:53,AP-234,Garbage,CRITICAL,0.92,16.18166,81.130677
2026-09-06 15:54:54,AP-234,Pothole,CRITICAL,0.76,16.181325,81.129943
2026-09-06 15:54:54,AP-234,Garbage,CRITICAL,0.92,16.181314,81.12965
2026-09-06 15:54:55,AP-234,Pothole,CRITICAL,0.83,16.180281,81.130343
2026-09-06 15:54:56,AP-234,Garbage,CRITICAL,0.88,16.180226,81.130725
2026-09-06 15:54:56,AP-234,Pothole,CRITICAL,0.84,16.181569,81.130262
2026-09-06 15:54:57,AP-234,Garbage,CRITICAL,0.92,16.181286,81.130123
2026-09-06 15:54:57,AP-234,Pothole,CRITICAL,0.87,16.181637,81.129799
2026-09-06 15:54:58,AP-234,Garbage,CRITICAL,0.77,16.180169,81.129694
2026-09-06 15:54:59,AP-234,Pothole,CRITICAL,0.86,16.181602,81.130796
2026-09-06 15:54:59,AP-234,Garbage,CRITICAL,0.77,16.181113,81.130477
2026-09-06 15:55:00,AP-234,Pothole,CRITICAL,0.81,16.181529,81.129534
2026-09-06 15:55:01,AP-234,Garbage,CRITICAL,0.75,16.1807,81.130209
2026-09-06 15:55:01,AP-234,Pothole,CRITICAL,0.87,16.181506,81.130397
2026-09-06 15:55:02,AP-234,Garbage,CRITICAL,0.76,16.181573,81.129793
2026-09-06 15:55:03,AP-234,Pothole,CRITICAL,0.87,16.181281,81.130393
2026-09-06 15:55:04,AP-234,Garbage,CRITICAL,0.75,16.180443,81.12968
2026-09-06 15:55:04,AP-234,Pothole,CRITICAL,0.87,16.180775,81.130783
2026-09-06 15:55:05,AP-234,Garbage,CRITICAL,0.92,16.180383,81.130367
2026-09-06 15:55:05,AP-234,Pothole,CRITICAL,0.86,16.18015,81.131092
2026-09-06 15:55:06,AP-234,Garbage,CRITICAL,0.92,16.180703,81.130343
2026-09-06 15:55:09,AP-234,Garbage,CRITICAL,0.76,16.181383,81.130221
2026-09-06 15:56:13,AP-234,Pothole,MODERATE,0.27,16.181375,81.129896
2026-09-06 15:56:14,AP-234,Garbage,CRITICAL,0.76,16.181261,81.129845
2026-09-06 15:56:15,AP-234,Pothole,CRITICAL,0.86,16.180284,81.129699
2026-09-06 15:56:16,AP-234,Pothole,CRITICAL,0.86,16.180368,81.130323
2026-09-06 15:56:17,AP-234,Garbage,CRITICAL,0.92,16.18029,81.131026
2026-09-06 15:56:17,AP-234,Pothole,CRITICAL,0.86,16.181523,81.130737
2026-09-06 15:56:18,AP-234,Garbage,CRITICAL,0.92,16.180204,81.130189
2026-09-06 15:56:19,AP-234,Pothole,CRITICAL,0.81,16.181194,81.130342
2026-09-06 15:56:19,AP-234,Garbage,CRITICAL,0.81,16.181343,81.129948
2026-09-06 15:56:20,AP-234,Pothole,CRITICAL,0.76,16.180919,81.13095
2026-09-06 15:56:24,AP-234,Garbage,CRITICAL,0.75,16.181012,81.13051
2026-09-06 15:56:32,AP-234,Pothole,MINOR,0.22,16.181421,81.13097
2026-09-06 15:58:15,AP-234,Garbage,CRITICAL,0.89,16.18053,81.13067
2026-09-06 15:58:15,AP-234,Pothole,MINOR,0.28,16.180612,81.130312
2026-09-06 15:58:17,AP-234,Pothole,CRITICAL,0.85,16.180122,81.130709
2026-09-06 15:58:18,AP-234,Pothole,CRITICAL,0.88,16.180617,81.129652
2026-09-06 15:58:18,AP-234,Garbage,CRITICAL,0.92,16.180874,81.13101
2026-09-06 15:58:27,AP-234,Garbage,CRITICAL,0.81,16.1803,81.129518
2026-09-06 15:58:28,AP-234,Garbage,CRITICAL,0.92,16.18075,81.130095
2026-09-06 15:58:29,AP-234,Pothole,CRITICAL,0.19,16.18052,81.130108
2026-09-06 15:58:30,AP-234,Garbage,CRITICAL,0.92,16.180736,81.129868
2026-09-06 15:58:31,AP-234,Pothole,CRITICAL,0.83,16.181614,81.130709
2026-09-06 15:58:31,AP-234,Garbage,CRITICAL,0.92,16.180864,81.130538
2026-09-06 15:58:32,AP-234,Pothole,CRITICAL,0.82,16.180838,81.131002
2026-09-06 15:58:32,AP-234,Garbage,CRITICAL,0.92,16.181138,81.130415
2026-09-06 15:58:33,AP-234,Pothole,CRITICAL,0.87,16.18144,81.1301
2026-09-06 15:58:34,AP-234,Pothole,CRITICAL,0.87,16.181679,81.130729
2026-09-06 15:58:36,AP-234,Pothole,CRITICAL,0.76,16.180749,81.129509
2026-09-06 15:58:37,AP-234,Pothole,CRITICAL,0.87,16.180443,81.131043
2026-09-06 15:58:38,AP-234,Pothole,CRITICAL,0.85,16.180364,81.130692
2026-09-06 15:58:40,AP-234,Pothole,CRITICAL,0.85,16.180333,81.129939
2026-09-06 16:06:54,AP-234,Pothole,CRITICAL,0.21,16.181651,81.1297
2026-09-06 16:06:54,AP-234,Garbage,CRITICAL,0.75,16.180305,81.12989
2026-09-06 16:06:55,AP-234,Pothole,CRITICAL,0.86,16.181315,81.130763
2026-09-06 16:06:57,AP-234,Pothole,CRITICAL,0.87,16.180206,81.129968
2026-09-06 16:06:58,AP-234,Pothole,CRITICAL,0.85,16.180503,81.129676
2026-09-06 16:06:59,AP-234,Pothole,CRITICAL,0.86,16.180836,81.12987
2026-09-06 16:07:00,AP-234,Pothole,CRITICAL,0.86,16.180744,81.130796
2026-09-06 16:07:02,AP-234,Pothole,CRITICAL,0.86,16.180379,81.130133
2026-09-06 16:07:03,AP-234,Pothole,CRITICAL,0.87,16.181524,81.12962
2026-09-06 16:07:04,AP-234,Pothole,CRITICAL,0.86,16.180318,81.130316
2026-09-06 16:09:01,AP-234,Pothole,CRITICAL,0.86,16.180213,81.130582
2026-09-06 16:09:03,AP-234,Pothole,CRITICAL,0.86,16.181425,81.130088
2026-09-06 16:09:04,AP-234,Pothole,CRITICAL,0.83,16.180729,81.130668
2026-09-06 16:09:05,AP-234,Pothole,CRITICAL,0.85,16.180716,81.129636
2026-09-06 16:09:06,AP-234,Pothole,CRITICAL,0.83,16.180671,81.12975
2026-09-06 16:16:17,AP-234,Pothole,CRITICAL,0.72,16.181488,81.13044
2026-09-06 16:16:18,AP-234,Pothole,CRITICAL,0.88,16.180939,81.130258
2026-09-06 16:16:19,AP-234,Pothole,CRITICAL,0.87,16.181477,81.131033
2026-09-06 16:23:35,AP-234,Pothole,MODERATE,0.15,16.180406,81.130664
2026-09-06 16:23:35,AP-234,Garbage,CRITICAL,0.77,16.180187,81.131012
2026-09-06 16:23:36,AP-234,Pothole,CRITICAL,0.60,16.180645,81.129984
2026-09-06 16:23:36,AP-234,Garbage,CRITICAL,0.92,16.181305,81.130084
2026-09-06 16:23:37,AP-234,Pothole,CRITICAL,0.77,16.180143,81.130455
2026-09-06 16:24:07,AP-234,Pothole,CRITICAL,0.17,16.18049,81.130156
2026-09-06 16:29:19,AP-234,Pothole,CRITICAL,0.85,16.181624,81.129721
2026-09-06 16:29:20,AP-234,Pothole,CRITICAL,0.89,16.181054,81.130411
2026-09-06 16:29:22,AP-234,Pothole,CRITICAL,0.89,16.180811,81.129676
2026-09-06 16:29:22,AP-234,Garbage,CRITICAL,0.92,16.18152,81.12963
2026-09-06 16:29:23,AP-234,Pothole,CRITICAL,0.88,16.180548,81.129801
2026-09-06 16:29:23,AP-234,Garbage,CRITICAL,0.76,16.181177,81.1301
2026-09-06 16:29:24,AP-234,Pothole,CRITICAL,0.87,16.181169,81.130583
2026-09-06 16:29:25,AP-234,Garbage,CRITICAL,0.92,16.180901,81.129589
2026-09-06 16:32:00,AP-234,Garbage,CRITICAL,0.75,16.181411,81.129503
2026-09-06 16:32:01,AP-234,Pothole,CRITICAL,0.86,16.181309,81.130333
2026-09-06 16:32:01,AP-234,Garbage,CRITICAL,0.75,16.180698,81.130321
2026-09-06 16:32:02,AP-234,Pothole,CRITICAL,0.86,16.180163,81.13071
2026-09-06 16:32:03,AP-234,Garbage,CRITICAL,0.74,16.180897,81.130927
2026-09-06 16:32:04,AP-234,Pothole,CRITICAL,0.90,16.181098,81.129632
2026-09-06 16:32:05,AP-234,Garbage,CRITICAL,0.74,16.180483,81.130285
2026-09-06 16:32:05,AP-234,Pothole,CRITICAL,0.79,16.180703,81.130786
2026-09-06 16:32:06,AP-234,Garbage,CRITICAL,0.74,16.181035,81.130122
2026-09-06 16:32:06,AP-234,Pothole,CRITICAL,0.89,16.18048,81.130431
2026-09-06 16:32:07,AP-234,Garbage,CRITICAL,0.74,16.181358,81.130516
2026-09-06 16:32:08,AP-234,Pothole,CRITICAL,0.85,16.180644,81.130402
2026-09-06 16:32:09,AP-234,Garbage,CRITICAL,0.75,16.180817,81.130304
2026-09-06 16:32:09,AP-234,Pothole,CRITICAL,0.82,16.180626,81.129676
2026-09-06 16:32:10,AP-234,Garbage,CRITICAL,0.92,16.181352,81.13061
2026-09-06 16:32:10,AP-234,Pothole,CRITICAL,0.90,16.180744,81.130972
2026-09-06 16:32:11,AP-234,Garbage,CRITICAL,0.92,16.180531,81.129901
2026-09-06 16:32:12,AP-234,Pothole,CRITICAL,0.90,16.181558,81.130363
2026-09-06 16:32:13,AP-234,Garbage,CRITICAL,0.92,16.180687,81.130333
2026-09-06 16:32:13,AP-234,Pothole,CRITICAL,0.82,16.181544,81.130198
2026-09-06 16:32:14,AP-234,Garbage,CRITICAL,0.92,16.181563,81.1301
2026-09-06 16:32:14,AP-234,Pothole,CRITICAL,0.90,16.18106,81.129837
2026-09-06 16:32:15,AP-234,Garbage,CRITICAL,0.87,16.181167,81.13104
2026-09-06 16:32:16,AP-234,Pothole,CRITICAL,0.90,16.181434,81.130853
2026-09-06 16:32:17,AP-234,Garbage,CRITICAL,0.89,16.180901,81.129898
2026-09-06 16:32:17,AP-234,Pothole,CRITICAL,0.90,16.181148,81.130062
2026-09-06 16:34:48,AP-234,Garbage,CRITICAL,0.92,16.180498,81.130622
2026-09-06 16:34:49,AP-234,Garbage,CRITICAL,0.92,16.181137,81.129899
2026-09-06 16:34:50,AP-234,Pothole,CRITICAL,0.78,16.180321,81.130013
2026-09-06 16:34:51,AP-234,Pothole,MINOR,0.18,16.181507,81.130854
2026-09-06 16:34:53,AP-234,Pothole,MINOR,0.25,16.181341,81.130677
2026-09-06 16:34:54,AP-234,Pothole,MINOR,0.16,16.180223,81.130226
2026-09-06 16:34:58,AP-234,Pothole,MODERATE,0.17,16.180984,81.130699
2026-09-06 16:35:00,AP-234,Pothole,CRITICAL,0.78,16.180345,81.130361
2026-09-06 16:35:01,AP-234,Garbage,CRITICAL,0.84,16.180279,81.130348
2026-09-06 16:42:32,AP-234,Pothole,MINOR,0.24,16.180601,81.130533
2026-09-06 16:42:34,AP-234,Pothole,CRITICAL,0.78,16.180903,81.129881
2026-09-06 16:42:35,AP-234,Pothole,CRITICAL,0.76,16.180876,81.130252
2026-09-06 16:42:36,AP-234,Garbage,CRITICAL,0.76,16.18057,81.129632
2026-09-06 16:42:37,AP-234,Garbage,CRITICAL,0.75,16.181638,81.13032
2026-09-06 16:42:48,AP-234,Garbage,CRITICAL,0.74,16.180895,81.130826
2026-09-06 16:42:56,AP-234,Garbage,CRITICAL,0.78,16.181011,81.130428
2026-09-06 16:42:57,AP-234,Garbage,CRITICAL,0.79,16.181566,81.130087
2026-09-06 16:42:59,AP-234,Garbage,CRITICAL,0.92,16.180733,81.130382
2026-09-06 16:43:01,AP-234,Garbage,CRITICAL,0.76,16.180903,81.12981
2026-09-06 16:43:02,AP-234,Garbage,CRITICAL,0.76,16.180404,81.130885
2026-09-06 19:10:56,AP-234,Pothole,MINOR,0.15,16.180687,81.129757
2026-09-06 19:10:57,AP-234,Pothole,MODERATE,0.19,16.180407,81.131082
2026-09-06 19:10:58,AP-234,Garbage,CRITICAL,0.74,16.181018,81.130299
2026-09-06 19:10:58,AP-234,Pothole,CRITICAL,0.88,16.180542,81.130264
2026-09-06 19:11:00,AP-234,Pothole,CRITICAL,0.89,16.180378,81.130026
2026-09-06 19:11:01,AP-234,Garbage,CRITICAL,0.92,16.180634,81.130921
2026-09-06 19:13:50,AP-234,Pothole,CRITICAL,0.72,16.180852,81.130598
2026-09-06 19:13:51,AP-234,Pothole,CRITICAL,0.87,16.181225,81.130166
2026-09-06 19:13:53,AP-234,Pothole,MODERATE,0.31,16.180244,81.13009
2026-09-06 19:13:54,AP-234,Pothole,CRITICAL,0.88,16.181059,81.129975
2026-09-06 19:13:54,AP-234,Garbage,CRITICAL,0.75,16.181227,81.129696
2026-09-06 19:13:55,AP-234,Pothole,CRITICAL,0.88,16.18084,81.130585
2026-09-06 19:13:55,AP-234,Garbage,CRITICAL,0.81,16.181114,81.130902
2026-09-06 19:14:31,AP-234,Garbage,CRITICAL,0.74,16.180784,81.129854
2026-09-06 19:14:33,AP-234,Garbage,CRITICAL,0.86,16.180697,81.12982
2026-09-06 19:14:33,AP-234,Pothole,CRITICAL,0.38,16.18126,81.130129
2026-09-06 19:14:34,AP-234,Garbage,CRITICAL,0.75,16.181069,81.130099
2026-09-06 19:14:38,AP-234,Garbage,CRITICAL,0.74,16.180963,81.131091
2026-09-06 19:18:59,AP-234,Garbage,CRITICAL,0.85,16.18122,81.12966
2026-09-06 19:19:00,AP-234,Garbage,CRITICAL,0.82,16.18048,81.130833
2026-09-06 19:19:01,AP-234,Garbage,CRITICAL,0.82,16.180742,81.129581
2026-09-06 19:19:03,AP-234,Garbage,CRITICAL,0.81,16.180374,81.129747
2026-09-06 19:19:04,AP-234,Garbage,CRITICAL,0.81,16.180155,81.130075
2026-09-06 19:19:05,AP-234,Garbage,CRITICAL,0.80,16.181084,81.130363
2026-09-06 19:19:11,AP-234,Pothole,MODERATE,0.27,16.181048,81.130078
2026-09-06 19:19:12,AP-234,Pothole,CRITICAL,0.83,16.180591,81.130667
2026-09-06 19:19:12,AP-234,Garbage,CRITICAL,0.77,16.181412,81.129593
2026-09-06 19:20:03,AP-234,Garbage,CRITICAL,0.81,16.180591,81.130188
2026-09-06 19:20:04,AP-234,Garbage,CRITICAL,0.79,16.181446,81.131019
2026-09-06 19:23:51,AP-234,Garbage,CRITICAL,0.76,16.181646,81.130296
2026-09-06 19:23:52,AP-234,Pothole,CRITICAL,0.79,16.181291,81.130816
2026-09-06 19:23:53,AP-234,Garbage,CRITICAL,0.81,16.18024,81.130342
2026-09-06 19:23:53,AP-234,Pothole,CRITICAL,0.85,16.180389,81.129684
2026-09-06 19:24:00,AP-234,Garbage,CRITICAL,0.74,16.180147,81.129512
2026-09-06 19:24:01,AP-234,Garbage,CRITICAL,0.92,16.180598,81.130366
2026-09-06 19:24:02,AP-234,Garbage,CRITICAL,0.92,16.180557,81.130312
2026-09-06 19:24:03,AP-234,Garbage,CRITICAL,0.92,16.180142,81.130868
2026-09-06 19:24:05,AP-234,Garbage,CRITICAL,0.91,16.180247,81.129708
2026-09-06 19:24:06,AP-234,Garbage,CRITICAL,0.88,16.180649,81.130334
2026-09-06 19:24:07,AP-234,Garbage,CRITICAL,0.87,16.180898,81.12996
2026-09-06 19:24:08,AP-234,Garbage,CRITICAL,0.84,16.181281,81.129833
2026-09-06 19:26:22,AP-234,Garbage,CRITICAL,0.83,16.181334,81.129993
2026-09-06 19:26:23,AP-234,Garbage,CRITICAL,0.92,16.180598,81.131024
2026-09-06 19:26:24,AP-234,Garbage,CRITICAL,0.92,16.180843,81.130752
2026-09-06 19:26:26,AP-234,Garbage,CRITICAL,0.92,16.180437,81.13104
2026-09-06 19:26:38,AP-234,Garbage,CRITICAL,0.77,16.181035,81.130109
2026-09-06 19:26:40,AP-234,Pothole,MODERATE,0.20,16.18013,81.130487
2026-09-06 19:26:41,AP-234,Pothole,MODERATE,0.34,16.181214,81.129973
2026-09-06 19:26:44,AP-234,Garbage,CRITICAL,0.77,16.180941,81.130489
2026-09-06 19:26:45,AP-234,Garbage,CRITICAL,0.86,16.180192,81.130886
2026-09-06 19:28:58,AP-234,Garbage,CRITICAL,0.89,16.180958,81.130129
2026-09-06 19:28:59,AP-234,Garbage,CRITICAL,0.88,16.180855,81.13094
2026-09-06 19:29:00,AP-234,Garbage,CRITICAL,0.82,16.181061,81.131044
2026-09-06 19:29:01,AP-234,Garbage,CRITICAL,0.79,16.181114,81.129805
2026-09-06 19:29:02,AP-234,Garbage,CRITICAL,0.78,16.18132,81.130894
2026-09-06 19:29:04,AP-234,Garbage,CRITICAL,0.78,16.18116,81.130197
2026-09-06 19:29:07,AP-234,Pothole,CRITICAL,0.77,16.180453,81.130469
2026-09-06 19:29:08,AP-234,Pothole,CRITICAL,0.82,16.180795,81.130229
2026-09-06 19:29:09,AP-234,Garbage,CRITICAL,0.77,16.180513,81.129507
2026-09-06 19:29:09,AP-234,Pothole,CRITICAL,0.80,16.180429,81.130964
2026-09-06 19:29:10,AP-234,Garbage,CRITICAL,0.75,16.180182,81.130965
2026-09-06 19:29:18,AP-234,Garbage,CRITICAL,0.74,16.181275,81.129847
2026-09-06 19:29:19,AP-234,Garbage,CRITICAL,0.92,16.181522,81.130449
2026-09-06 19:29:21,AP-234,Garbage,CRITICAL,0.92,16.180822,81.131037
2026-09-06 19:29:22,AP-234,Garbage,CRITICAL,0.92,16.180122,81.130738
2026-09-06 19:29:23,AP-234,Garbage,CRITICAL,0.92,16.180815,81.130808
2026-09-06 19:29:24,AP-234,Garbage,CRITICAL,0.88,16.18106,81.130023
2026-09-06 19:29:26,AP-234,Garbage,CRITICAL,0.84,16.18131,81.13068
2026-09-06 19:31:43,Waterlogging,CRITICAL,0.74,16.18085,81.130833
2026-09-06 19:31:43,Garbage,CRITICAL,0.88,16.181096,81.13024
2026-09-06 19:31:44,Waterlogging,CRITICAL,0.73,16.18048,81.130961
2026-09-06 19:31:45,Waterlogging,CRITICAL,0.74,16.180547,81.12956
2026-09-06 19:31:47,Pothole,CRITICAL,0.78,16.180505,81.13016
2026-09-06 19:31:51,Waterlogging,CRITICAL,0.81,16.180633,81.129686
2026-09-06 19:31:52,Pothole,MODERATE,0.64,16.181443,81.130345
2026-09-06 19:31:53,Pothole,CRITICAL,0.76,16.180688,81.130743
2026-09-06 19:31:55,Pothole,CRITICAL,0.85,16.181236,81.130519
2026-09-06 19:31:56,Waterlogging,CRITICAL,0.75,16.180533,81.130242
2026-09-06 19:31:57,Waterlogging,CRITICAL,0.77,16.181184,81.129821
2026-09-06 19:31:58,Pothole,CRITICAL,0.82,16.180631,81.129751
2026-09-06 19:32:02,Garbage,CRITICAL,0.92,16.180278,81.130722
2026-09-06 19:32:04,Garbage,CRITICAL,0.92,16.181488,81.12956
2026-09-06 19:32:05,Garbage,CRITICAL,0.92,16.180104,81.130019
2026-09-06 19:32:06,Garbage,CRITICAL,0.92,16.180686,81.131086
2026-09-06 19:32:07,Garbage,CRITICAL,0.92,16.181592,81.130511
2026-09-06 19:32:09,Garbage,CRITICAL,0.92,16.181205,81.130829
2026-09-06 19:32:10,Garbage,CRITICAL,0.89,16.180342,81.130292
2026-09-06 19:32:11,Waterlogging,CRITICAL,0.76,16.180436,81.131039
2026-09-06 19:32:12,Waterlogging,CRITICAL,0.74,16.181006,81.13032
2026-09-06 19:32:14,Garbage,CRITICAL,0.82,16.180188,81.130798
2026-09-06 19:32:15,Waterlogging,CRITICAL,0.75,16.18137,81.130256
2026-09-06 19:32:16,Waterlogging,CRITICAL,0.75,16.181038,81.130833
2026-09-06 19:32:17,Waterlogging,CRITICAL,0.75,16.18125,81.129815
2026-09-06 19:32:19,Waterlogging,CRITICAL,0.75,16.180508,81.13067
2026-09-06 19:32:20,Waterlogging,CRITICAL,0.75,16.181061,81.130036
2026-09-06 19:32:21,Waterlogging,CRITICAL,0.75,16.18122,81.130544
2026-09-06 19:32:22,Waterlogging,CRITICAL,0.76,16.181251,81.13015
2026-09-06 19:32:24,Waterlogging,CRITICAL,0.75,16.180523,81.130033
2026-09-06 19:32:25,Waterlogging,CRITICAL,0.75,16.181432,81.130221
2026-09-06 19:32:26,Waterlogging,CRITICAL,0.75,16.181513,81.129629
2026-09-06 19:32:27,Waterlogging,CRITICAL,0.75,16.180461,81.13089
2026-09-06 19:32:29,Waterlogging,CRITICAL,0.75,16.180792,81.129644
2026-09-06 19:32:30,Waterlogging,CRITICAL,0.75,16.180374,81.130886
2026-09-06 19:32:31,Waterlogging,CRITICAL,0.75,16.18077,81.130564
2026-09-06 19:32:32,Waterlogging,CRITICAL,0.75,16.181569,81.130004
2026-09-06 19:32:34,Waterlogging,CRITICAL,0.75,16.180169,81.129971
2026-09-06 19:32:35,Waterlogging,CRITICAL,0.75,16.181637,81.131061
2026-09-06 19:32:36,Waterlogging,CRITICAL,0.74,16.181076,81.129992
2026-09-06 19:32:37,Waterlogging,CRITICAL,0.75,16.180252,81.130999
2026-09-06 19:32:39,Waterlogging,CRITICAL,0.75,16.181478,81.131018
2026-09-06 19:32:40,Waterlogging,CRITICAL,0.74,16.180942,81.131037
2026-09-06 19:32:41,Waterlogging,CRITICAL,0.75,16.18051,81.129984
2026-09-06 19:32:42,Waterlogging,CRITICAL,0.74,16.180465,81.130172
2026-09-06 19:32:44,Waterlogging,CRITICAL,0.75,16.181054,81.130332
2026-09-06 19:32:45,Waterlogging,CRITICAL,0.75,16.180704,81.130751
2026-09-06 19:32:46,Waterlogging,CRITICAL,0.75,16.180971,81.130047
2026-09-06 19:32:47,Waterlogging,CRITICAL,0.74,16.181072,81.129706
2026-09-06 19:32:49,Waterlogging,CRITICAL,0.75,16.180135,81.12996
2026-09-06 19:32:50,Waterlogging,CRITICAL,0.74,16.180535,81.129729
2026-09-06 19:32:53,Waterlogging,CRITICAL,0.74,16.181407,81.130107
2026-09-06 19:34:41,AP-234,Garbage,CRITICAL,0.85,16.181643,81.130783
2026-09-06 19:34:43,AP-234,Garbage,CRITICAL,0.74,16.180738,81.130703
2026-09-06 19:34:45,AP-234,Pothole,CRITICAL,0.71,16.18086,81.129802
2026-09-06 19:34:46,AP-234,Pothole,CRITICAL,0.82,16.180281,81.130822
2026-09-06 19:34:47,AP-234,Pothole,CRITICAL,0.78,16.180921,81.129989
2026-09-06 19:34:48,AP-234,Garbage,CRITICAL,0.92,16.180437,81.130165
2026-09-06 19:34:52,AP-234,Pothole,CRITICAL,0.84,16.18028,81.130611
2026-09-06 19:34:53,AP-234,Garbage,CRITICAL,0.92,16.180996,81.130057
2026-09-06 19:34:55,AP-234,Garbage,CRITICAL,0.89,16.18013,81.12984
2026-09-06 19:34:55,AP-234,Pothole,CRITICAL,0.65,16.180503,81.131044
2026-09-06 19:34:56,AP-234,Pothole,CRITICAL,0.85,16.180445,81.129746
2026-09-06 19:35:02,AP-234,Garbage,CRITICAL,0.35,16.180516,81.129531
2026-09-06 19:35:12,AP-234,Garbage,CRITICAL,0.41,16.18057,81.130622
2026-09-06 19:35:15,AP-234,Garbage,CRITICAL,0.53,16.180319,81.130617
2026-09-06 19:35:16,AP-234,Garbage,CRITICAL,0.43,16.181346,81.130843
2026-09-06 19:35:18,AP-234,Garbage,CRITICAL,0.44,16.180649,81.131081
2026-09-06 19:35:19,AP-234,Garbage,CRITICAL,0.37,16.180218,81.130456
2026-09-06 19:36:38,AP-234,Garbage,CRITICAL,0.43,16.180945,81.130915
2026-09-06 19:36:51,AP-234,Garbage,CRITICAL,0.74,16.180881,81.130409
2026-09-06 19:36:59,AP-234,Pothole,CRITICAL,0.87,16.18019,81.130902
2026-09-06 19:36:59,AP-234,Garbage,CRITICAL,0.78,16.180525,81.130697
2026-09-06 19:37:00,AP-234,Pothole,CRITICAL,0.83,16.180364,81.12993
2026-09-06 19:37:01,AP-234,Garbage,CRITICAL,0.47,16.180297,81.130595
2026-09-06 19:37:08,AP-234,Garbage,CRITICAL,0.92,16.181126,81.130614
2026-09-06 19:37:09,AP-234,Garbage,CRITICAL,0.92,16.181141,81.130284
2026-09-06 19:37:11,AP-234,Garbage,CRITICAL,0.75,16.180132,81.129812
2026-09-06 19:37:12,AP-234,Garbage,CRITICAL,0.76,16.18086,81.130317
2026-09-06 19:37:14,AP-234,Pothole,MINOR,0.53,16.181314,81.12996
2026-09-06 19:37:16,AP-234,Garbage,CRITICAL,0.87,16.180796,81.130106
2026-09-06 19:37:17,AP-234,Garbage,CRITICAL,0.92,16.180858,81.129674
2026-09-06 19:37:19,AP-234,Pothole,CRITICAL,0.82,16.181486,81.130455
2026-09-06 19:37:21,AP-234,Pothole,CRITICAL,0.85,16.180498,81.129743
2026-09-06 19:37:25,AP-234,Pothole,MINOR,0.58,16.181247,81.129538
2026-09-06 19:37:25,AP-234,Garbage,CRITICAL,0.78,16.180381,81.130984
2026-09-06 19:37:27,AP-234,Garbage,CRITICAL,0.92,16.181631,81.129567
2026-09-06 19:37:28,AP-234,Pothole,MINOR,0.52,16.180816,81.130308
2026-09-06 19:37:29,AP-234,Pothole,CRITICAL,0.82,16.181442,81.130822
2026-09-06 19:37:31,AP-234,Pothole,CRITICAL,0.87,16.181679,81.130234
2026-09-06 19:37:31,AP-234,Garbage,CRITICAL,0.92,16.180186,81.130778
2026-09-06 21:10:01,AP-234,Garbage,CRITICAL,0.80,16.18078,81.131006
2026-09-06 21:10:07,AP-234,Pothole,MINOR,0.61,16.180829,81.129737
2026-09-06 21:10:08,AP-234,Pothole,CRITICAL,0.86,16.180424,81.130349
2026-09-06 21:10:08,AP-234,Garbage,CRITICAL,0.92,16.180663,81.131023
2026-09-06 21:10:10,AP-234,Pothole,CRITICAL,0.84,16.180709,81.12976
2026-09-06 21:10:11,AP-234,Pothole,CRITICAL,0.85,16.18072,81.130178
2026-09-06 21:12:08,AP-234,Garbage,CRITICAL,0.76,16.18071,81.130038
2026-09-06 21:12:08,AP-234,Garbage,CRITICAL,0.92,16.18092,81.130883
2026-09-06 21:12:10,AP-234,Garbage,CRITICAL,0.92,16.180694,81.13013
2026-09-06 21:12:11,AP-234,Garbage,CRITICAL,0.82,16.18073,81.130089
2026-09-06 21:12:12,AP-234,Garbage,CRITICAL,0.81,16.180922,81.129758
2026-09-06 21:12:14,AP-234,Garbage,CRITICAL,0.81,16.180473,81.130227
2026-09-06 21:12:15,AP-234,Garbage,CRITICAL,0.80,16.18077,81.130192
2026-09-06 21:12:16,AP-234,Garbage,CRITICAL,0.92,16.180779,81.130867
2026-09-06 21:12:20,AP-234,Pothole,CRITICAL,0.74,16.180507,81.131055
2026-09-06 21:12:21,AP-234,Pothole,CRITICAL,0.87,16.181054,81.129565
2026-09-06 21:12:22,AP-234,Pothole,CRITICAL,0.86,16.181129,81.130973
2026-09-06 21:12:23,AP-234,Pothole,CRITICAL,0.88,16.1814,81.129679
2026-09-06 21:12:27,AP-234,Garbage,CRITICAL,0.92,16.181504,81.130067
2026-09-06 21:12:28,AP-234,Garbage,CRITICAL,0.92,16.180742,81.13101
2026-09-06 21:12:29,AP-234,Garbage,CRITICAL,0.92,16.180831,81.130367
2026-09-06 21:12:30,AP-234,Pothole,CRITICAL,0.84,16.180742,81.130555
2026-09-06 21:12:31,AP-234,Pothole,CRITICAL,0.87,16.181002,81.131094
2026-09-06 21:12:33,AP-234,Garbage,CRITICAL,0.92,16.180879,81.130394
2026-09-06 21:12:35,AP-234,Garbage,CRITICAL,0.92,16.180986,81.130936
2026-09-06 21:12:36,AP-234,Garbage,CRITICAL,0.92,16.180344,81.130451
2026-09-06 21:12:37,AP-234,Garbage,CRITICAL,0.92,16.181494,81.130736
2026-09-06 21:12:39,AP-234,Garbage,CRITICAL,0.92,16.181305,81.129971
2026-09-06 21:12:40,AP-234,Garbage,CRITICAL,0.92,16.180336,81.130293
2026-09-06 21:12:41,AP-234,Garbage,CRITICAL,0.92,16.180323,81.130022
2026-09-06 21:12:42,AP-234,Garbage,CRITICAL,0.92,16.181514,81.13065
2026-09-06 21:12:44,AP-234,Garbage,CRITICAL,0.85,16.18169,81.130437
2026-09-06 21:12:49,AP-234,Pothole,MINOR,0.46,16.180947,81.129871
2026-09-06 21:14:32,AP-234,Pothole,CRITICAL,0.92,16.18167,81.129598
2026-09-06 21:14:33,AP-234,Pothole,CRITICAL,0.85,16.181416,81.131024
2026-09-06 21:14:34,AP-234,Pothole,CRITICAL,0.87,16.180557,81.129602
2026-09-06 21:16:39,AP-234,Garbage,CRITICAL,0.76,16.180155,81.129516
2026-09-06 21:16:49,AP-234,Garbage,CRITICAL,0.81,16.180865,81.13094
2026-09-06 21:16:54,AP-234,Garbage,CRITICAL,0.76,16.180273,81.129731
2026-09-06 21:16:56,AP-234,Garbage,CRITICAL,0.76,16.181308,81.130191
2026-09-06 21:16:57,AP-234,Garbage,CRITICAL,0.75,16.181578,81.129813
2026-09-06 21:16:59,AP-234,Garbage,CRITICAL,0.76,16.181605,81.130481
2026-09-06 21:17:00,AP-234,Garbage,CRITICAL,0.77,16.18097,81.130502
2026-09-06 21:22:39,AP-234,Garbage,CRITICAL,0.83,16.180248,81.130454
2026-09-06 21:22:40,AP-234,Garbage,CRITICAL,0.75,16.1811,81.129716
2026-09-06 21:22:41,AP-234,Garbage,CRITICAL,0.76,16.181612,81.131087
2026-09-06 21:22:42,AP-234,Garbage,CRITICAL,0.77,16.181568,81.129993
2026-09-06 21:22:45,AP-234,Pothole,MODERATE,0.54,16.181668,81.130154
2026-09-06 21:22:46,AP-234,Garbage,CRITICAL,0.80,16.180979,81.129931
2026-09-06 21:22:47,AP-234,Pothole,CRITICAL,0.84,16.180454,81.129775
2026-09-06 21:22:48,AP-234,Pothole,CRITICAL,0.88,16.180774,81.130391
2026-09-06 21:22:49,AP-234,Pothole,CRITICAL,0.79,16.180612,81.129954
2026-09-06 21:22:51,AP-234,Garbage,CRITICAL,0.77,16.180602,81.13036
2026-09-06 21:27:37,AP-234,Garbage,CRITICAL,0.75,16.181519,81.130653
2026-09-06 21:31:37,AP-234,Pothole,MODERATE,0.49,16.181456,81.130206
2026-09-06 21:31:38,AP-234,Pothole,CRITICAL,0.86,16.1803,81.130958
2026-09-06 21:31:39,AP-234,Garbage,CRITICAL,0.92,16.180236,81.129835
2026-09-06 21:31:39,AP-234,Pothole,CRITICAL,0.86,16.181555,81.13064
2026-09-06 21:31:41,AP-234,Pothole,CRITICAL,0.81,16.181133,81.130436
2026-09-06 21:31:41,AP-234,Garbage,CRITICAL,0.92,16.18118,81.130083
2026-09-06 21:34:41,Pothole,CRITICAL,0.79,16.181159,81.129501
2026-09-06 21:34:42,Pothole,CRITICAL,0.86,16.180913,81.1309
2026-09-06 21:34:43,Pothole,MODERATE,0.65,16.180335,81.130502
2026-09-06 21:34:47,Garbage,CRITICAL,0.92,16.180316,81.130856
2026-09-06 21:34:48,Pothole,CRITICAL,0.80,16.181482,81.129968
2026-09-06 21:34:49,Pothole,CRITICAL,0.90,16.181382,81.129814
2026-09-06 21:34:51,Pothole,CRITICAL,0.88,16.180717,81.130185
2026-09-06 21:34:52,Garbage,CRITICAL,0.92,16.181148,81.130817
2026-09-06 21:34:56,Garbage,CRITICAL,0.76,16.180221,81.13063
2026-09-06 21:34:57,Garbage,CRITICAL,0.92,16.180168,81.13026
2026-09-06 21:34:58,Garbage,CRITICAL,0.92,16.181693,81.13007
2026-09-06 22:12:12,Garbage,CRITICAL,0.76,16.181462,81.130866
2026-09-06 22:12:12,Garbage,CRITICAL,0.84,16.180419,81.1311
2026-09-06 22:12:13,Garbage,CRITICAL,0.82,16.180412,81.130448
2026-09-06 22:12:15,Garbage,CRITICAL,0.81,16.180512,81.129576
2026-09-06 22:12:16,Garbage,CRITICAL,0.79,16.181444,81.130868
2026-09-06 22:12:17,Garbage,CRITICAL,0.75,16.180275,81.130046
2026-09-06 22:12:19,Garbage,CRITICAL,0.75,16.180605,81.130797
2026-09-06 22:19:18,Garbage,CRITICAL,0.86,16.180585,81.130786
2026-09-06 22:19:19,Garbage,CRITICAL,0.84,16.181133,81.130541
2026-09-06 22:19:21,Garbage,CRITICAL,0.83,16.180589,81.130608
2026-09-06 22:19:22,Garbage,CRITICAL,0.81,16.181345,81.130278
2026-09-06 22:21:22,Garbage,CRITICAL,0.85,16.18062,81.130707
2026-09-06 22:22:34,Garbage,CRITICAL,0.74,16.180657,81.130997
2026-09-06 22:22:36,Garbage,CRITICAL,0.86,16.181306,81.130122
2026-09-06 22:22:37,Garbage,CRITICAL,0.92,16.180927,81.130063
2026-09-06 22:37:27,Pothole,CRITICAL,0.76,16.180814,81.130257
2026-09-06 22:37:28,Pothole,CRITICAL,0.33,16.181233,81.130899
2026-09-06 22:37:30,Pothole,CRITICAL,0.89,16.180692,81.130108
2026-09-06 22:37:31,Pothole,CRITICAL,0.81,16.180679,81.130955
2026-09-06 22:37:32,Pothole,CRITICAL,0.85,16.181607,81.12964
2026-09-06 22:37:39,Pothole,MINOR,0.28,16.181563,81.129552
2026-09-06 22:46:27,Garbage,CRITICAL,0.75,16.180816,81.130677
2026-09-06 22:46:38,Garbage,CRITICAL,0.92,16.181032,81.130133
2026-09-06 22:46:40,Pothole,CRITICAL,0.85,16.18045,81.129947
2026-09-06 22:46:43,Garbage,CRITICAL,0.92,16.180613,81.130777
2026-09-06 22:46:44,Garbage,CRITICAL,0.92,16.181182,81.129535
2026-09-06 22:46:46,Garbage,CRITICAL,0.92,16.181265,81.129774
2026-09-06 22:46:49,Garbage,CRITICAL,0.92,16.181026,81.130825
2026-09-06 22:46:51,Garbage,CRITICAL,0.92,16.181638,81.129515
2026-09-06 22:46:53,Garbage,CRITICAL,0.79,16.180377,81.129775
2026-09-06 22:46:54,Garbage,CRITICAL,0.79,16.18166,81.131042
2026-09-06 22:46:55,Garbage,CRITICAL,0.79,16.180284,81.130878
2026-09-06 22:46:57,Garbage,CRITICAL,0.81,16.180728,81.131086
2026-09-06 22:46:58,Garbage,CRITICAL,0.81,16.181191,81.129834
2026-09-06 22:47:00,Garbage,CRITICAL,0.82,16.180767,81.130958
2026-09-06 22:47:01,Garbage,CRITICAL,0.83,16.180857,81.1304
2026-09-06 22:47:02,Garbage,CRITICAL,0.82,16.181575,81.130221
2026-09-06 22:47:04,Garbage,CRITICAL,0.82,16.180769,81.131055
2026-09-06 22:47:05,Garbage,CRITICAL,0.82,16.180515,81.131018
2026-09-06 22:47:06,Garbage,CRITICAL,0.81,16.181632,81.129914
2026-09-06 22:47:07,Garbage,CRITICAL,0.79,16.181387,81.130335
2026-09-06 22:47:09,Garbage,CRITICAL,0.76,16.180966,81.130997
2026-09-06 22:47:10,Garbage,CRITICAL,0.76,16.181449,81.129819
2026-09-06 22:47:11,Garbage,CRITICAL,0.76,16.181323,81.129838
2026-09-06 22:47:13,Garbage,CRITICAL,0.76,16.180924,81.129593
2026-09-06 22:47:20,Garbage,CRITICAL,0.77,16.181228,81.130092
2026-09-06 22:47:25,Pothole,MINOR,0.34,16.181335,81.130563
2026-09-06 22:47:27,Pothole,MINOR,0.33,16.181462,81.129517
2026-09-06 22:47:28,Pothole,MINOR,0.34,16.181508,81.129807
2026-09-06 22:47:30,Pothole,MINOR,0.35,16.181439,81.129852
2026-09-06 22:47:31,Pothole,MINOR,0.39,16.18133,81.129675
2026-09-06 22:50:55,Garbage,CRITICAL,0.76,16.180826,81.129647
2026-09-06 22:50:57,Garbage,CRITICAL,0.76,16.180107,81.130325
2026-09-06 22:51:00,Garbage,CRITICAL,0.86,16.181025,81.130166
2026-09-06 22:51:03,Garbage,CRITICAL,0.76,16.180467,81.130567
2026-09-06 22:51:05,Garbage,CRITICAL,0.76,16.180524,81.130148
2026-09-06 22:51:06,Garbage,CRITICAL,0.76,16.180791,81.130321
2026-09-06 22:51:08,Garbage,CRITICAL,0.76,16.181209,81.129753
2026-09-06 22:51:13,Garbage,CRITICAL,0.76,16.180351,81.129775
2026-09-06 22:53:32,Garbage,CRITICAL,0.92,16.180265,81.130647
2026-09-06 22:53:34,Garbage,CRITICAL,0.92,16.18126,81.13041
2026-09-06 22:53:35,Garbage,CRITICAL,0.84,16.181314,81.130457
2026-09-06 22:53:36,Garbage,CRITICAL,0.92,16.180847,81.130027
2026-09-06 22:53:37,Garbage,CRITICAL,0.92,16.180167,81.13073
2026-09-06 22:55:23,Garbage,CRITICAL,0.92,16.180131,81.129998
2026-09-06 22:55:25,Garbage,CRITICAL,0.92,16.181102,81.130203
2026-09-06 22:55:27,Garbage,CRITICAL,0.92,16.181505,81.131053
2026-09-06 22:55:28,Garbage,CRITICAL,0.92,16.181312,81.129794
2026-09-06 22:55:30,Garbage,CRITICAL,0.82,16.180145,81.130926
2026-09-06 22:55:33,Garbage,CRITICAL,0.92,16.180251,81.129582
2026-09-06 22:57:12,Garbage,CRITICAL,0.92,16.180819,81.130557
2026-09-06 22:59:12,Garbage,CRITICAL,0.92,16.180969,81.129987
2026-09-06 22:59:13,Pothole,CRITICAL,0.83,16.180182,81.129999
2026-09-06 22:59:15,Pothole,CRITICAL,0.86,16.181166,81.130965
2026-09-06 22:59:16,Pothole,CRITICAL,0.87,16.180447,81.129697
2026-09-06 22:59:17,Garbage,CRITICAL,0.92,16.180798,81.129573
2026-09-06 22:59:18,Pothole,CRITICAL,0.85,16.180826,81.129588
2026-09-06 22:59:38,Garbage,CRITICAL,0.77,16.181452,81.130833
2026-09-06 23:05:33,Pothole,MINOR,0.48,16.1809,81.130377
2026-09-06 23:05:34,Pothole,MINOR,0.60,16.18148,81.130665
2026-09-06 23:05:35,Pothole,MINOR,0.47,16.181345,81.130833
2026-09-06 23:05:37,Pothole,MINOR,0.48,16.181438,81.129973
2026-09-06 23:28:35,Pothole,MINOR,0.33,16.180321,81.129942
2026-09-06 23:28:37,Pothole,MINOR,0.43,16.18024,81.129933
2026-09-06 23:28:38,Pothole,MINOR,0.42,16.18068,81.130012
2026-09-06 23:28:39,Pothole,MINOR,0.40,16.180236,81.130792
2026-09-06 23:28:41,Pothole,MINOR,0.58,16.180806,81.130042
2026-09-06 23:28:42,Pothole,MINOR,0.63,16.181314,81.130188
2026-09-06 23:28:43,Pothole,MINOR,0.48,16.180635,81.129529
2026-09-06 23:30:19,Garbage,CRITICAL,0.74,16.180151,81.130836
2026-09-06 23:30:21,Garbage,CRITICAL,0.74,16.180268,81.129853
2026-09-06 23:30:29,Garbage,CRITICAL,0.76,16.180311,81.130383
2026-09-06 23:30:33,Garbage,CRITICAL,0.75,16.181604,81.129558
2026-09-06 23:30:34,Garbage,CRITICAL,0.75,16.181187,81.130648
2026-09-06 23:30:38,Garbage,CRITICAL,0.82,16.180354,81.130423
2026-09-06 23:35:35,Garbage,CRITICAL,0.92,16.180101,81.130201
2026-09-06 23:35:42,Garbage,CRITICAL,0.92,16.180441,81.129713
2026-09-06 23:35:43,Garbage,CRITICAL,0.75,16.180877,81.130555
2026-09-06 23:35:45,Garbage,CRITICAL,0.92,16.180879,81.130727
2026-09-06 23:35:46,Garbage,CRITICAL,0.92,16.18164,81.130177
2026-09-06 23:35:47,Garbage,CRITICAL,0.92,16.180943,81.130881
2026-09-06 23:35:48,Garbage,CRITICAL,0.92,16.181324,81.129795
2026-09-06 23:35:54,Garbage,CRITICAL,0.92,16.180495,81.129563
2026-09-06 23:38:06,Garbage,CRITICAL,0.74,16.18117,81.131017
2026-09-06 23:38:07,Garbage,CRITICAL,0.74,16.181647,81.130916
2026-09-06 23:38:08,Garbage,CRITICAL,0.74,16.181499,81.1301
2026-09-06 23:38:29,Garbage,CRITICAL,0.76,16.1809,81.129944
2026-09-06 23:46:45,Garbage Pile,CRITICAL,0.64,16.18162,81.130245
2026-09-06 23:46:47,Pothole,CRITICAL,0.81,16.1815,81.130133
2026-09-06 23:46:49,Pothole,MINOR,0.60,16.181014,81.130284
2026-09-06 23:46:51,Pothole,CRITICAL,0.53,16.181395,81.130527
2026-09-06 23:46:53,Pothole,CRITICAL,0.80,16.180251,81.129967
2026-09-06 23:46:55,Pothole,MINOR,0.65,16.181138,81.129607
2026-09-06 23:46:56,Pothole,CRITICAL,0.70,16.180846,81.129598
2026-09-06 23:46:58,Pothole,CRITICAL,0.88,16.180663,81.129904
2026-09-06 23:46:59,Pothole,CRITICAL,0.55,16.180386,81.131067
2026-09-06 23:47:01,Pothole,CRITICAL,0.76,16.180596,81.131027
2026-09-06 23:47:02,Pothole,CRITICAL,0.81,16.180225,81.129611
2026-09-06 23:47:04,Pothole,MODERATE,0.46,16.180871,81.129811
2026-09-06 23:47:06,Pothole,CRITICAL,0.80,16.181242,81.129655
2026-09-06 23:47:07,Pothole,CRITICAL,0.86,16.180216,81.129984
2026-09-06 23:47:56,Pothole,MINOR,0.58,16.18095,81.130659
2026-09-07 18:23:02,Garbage Pile,MODERATE,0.50,16.18047,81.130946
2026-09-07 18:23:09,Garbage Pile,CRITICAL,0.47,16.181269,81.130217
2026-09-07 18:23:10,Garbage Pile,CRITICAL,0.74,16.181216,81.130915
2026-09-07 18:23:12,Garbage Pile,CRITICAL,0.46,16.18032,81.130773
2026-09-07 18:45:01,Garbage Pile,MINOR,0.64,16.181119,81.131055,PENDING
2026-09-07 18:45:03,Pothole,CRITICAL,0.88,16.181128,81.131011,PENDING
2026-09-07 18:45:04,Pothole,CRITICAL,0.88,16.180133,81.130468,PENDING
2026-09-07 18:45:05,Pothole,CRITICAL,0.89,16.181139,81.131018,PENDING
2026-09-07 18:45:06,Pothole,CRITICAL,0.88,16.180696,81.130281,PENDING
2026-09-07 18:45:08,Pothole,CRITICAL,0.85,16.180482,81.12981,PENDING
2026-09-07 18:45:09,Pothole,CRITICAL,0.89,16.180628,81.129771,PENDING
2026-09-08 12:56:35,Pothole,CRITICAL,0.44,16.180116,81.130381
2026-09-08 12:56:37,Garbage Pile,CRITICAL,0.68,16.181508,81.13005
2026-09-08 12:56:41,Garbage Pile,CRITICAL,0.46,16.181417,81.130652
2026-09-08 12:56:51,Pothole,MINOR,0.34,16.181527,81.12977
2026-09-08 12:57:08,Garbage Pile,CRITICAL,0.54,16.18077,81.130109
2026-09-08 12:57:10,Garbage Pile,CRITICAL,0.73,16.180129,81.130357
2026-09-08 12:57:15,Garbage Pile,CRITICAL,0.71,16.181062,81.130301
2026-09-08 12:57:17,Garbage Pile,CRITICAL,0.59,16.180201,81.129801
2026-09-08 12:57:18,Garbage Pile,CRITICAL,0.67,16.181513,81.130458
2026-09-08 12:57:19,Garbage Pile,CRITICAL,0.67,16.180355,81.130364
2026-09-08 12:57:20,Garbage Pile,CRITICAL,0.70,16.181471,81.130536
2026-09-08 12:57:22,Garbage Pile,CRITICAL,0.64,16.180756,81.129559
2026-09-08 12:57:23,Garbage Pile,CRITICAL,0.72,16.181664,81.129778
2026-09-08 12:57:24,Garbage Pile,CRITICAL,0.79,16.180114,81.130245
2026-09-08 12:57:27,Garbage Pile,CRITICAL,0.65,16.180954,81.129899
2026-09-08 12:57:30,Garbage Pile,CRITICAL,0.51,16.180515,81.130274
2026-09-08 12:57:31,Garbage Pile,CRITICAL,0.59,16.18151,81.129564
2026-09-08 12:57:50,Garbage Pile,CRITICAL,0.55,16.180872,81.130605
2026-09-08 12:57:52,Garbage Pile,CRITICAL,0.47,16.180421,81.130874
2026-09-08 12:57:53,Garbage Pile,CRITICAL,0.56,16.180752,81.130418
2026-09-08 12:57:54,Garbage Pile,CRITICAL,0.49,16.181441,81.130488
2026-09-08 12:57:56,Garbage Pile,CRITICAL,0.45,16.180805,81.130285
2026-09-08 12:57:57,Garbage Pile,CRITICAL,0.53,16.18015,81.129535
2026-09-08 12:57:59,Garbage Pile,CRITICAL,0.53,16.180634,81.130011
2026-09-08 12:58:01,Garbage Pile,CRITICAL,0.48,16.180367,81.129909
2026-09-08 12:58:02,Garbage Pile,CRITICAL,0.47,16.180474,81.130851
2026-09-08 12:58:05,Pothole,CRITICAL,0.35,16.181031,81.130135
2026-09-08 12:58:07,Pothole,MODERATE,0.39,16.180732,81.131056
2026-09-08 12:58:09,Pothole,MINOR,0.67,16.181528,81.130636
2026-09-08 12:58:12,Garbage Pile,CRITICAL,0.64,16.181182,81.130783
2026-09-08 12:58:13,Garbage Pile,CRITICAL,0.49,16.180616,81.12965
2026-09-08 12:58:14,Garbage Pile,CRITICAL,0.46,16.180396,81.129787
2026-09-08 12:58:17,Garbage Pile,CRITICAL,0.60,16.180976,81.129985
2026-09-08 12:58:26,Garbage Pile,CRITICAL,0.49,16.181403,81.1306
2026-09-09 23:42:23,Garbage Pile,CRITICAL,0.72,16.181656,81.131092
2026-09-09 23:42:23,Garbage Pile,CRITICAL,0.77,16.181568,81.130487
2026-09-09 23:42:24,Garbage Pile,CRITICAL,0.76,16.180875,81.129789
2026-09-09 23:42:25,Garbage Pile,CRITICAL,0.71,16.180564,81.129811
2026-09-09 23:42:27,Garbage Pile,CRITICAL,0.55,16.180131,81.130502
2026-09-09 23:42:28,Garbage Pile,CRITICAL,0.72,16.181122,81.129608
2026-09-09 23:42:29,Garbage Pile,CRITICAL,0.71,16.181319,81.130064
2026-09-09 23:42:30,Garbage Pile,CRITICAL,0.72,16.181154,81.129996
2026-09-09 23:42:32,Garbage Pile,CRITICAL,0.62,16.180695,81.130638
2026-09-09 23:42:33,Garbage Pile,CRITICAL,0.73,16.181669,81.129885
2026-09-09 23:42:34,Garbage Pile,CRITICAL,0.68,16.180606,81.129638
2026-09-09 23:42:36,Garbage Pile,CRITICAL,0.67,16.1803,81.131089
2026-09-09 23:42:37,Garbage Pile,CRITICAL,0.70,16.180151,81.130703
2026-09-09 23:42:38,Garbage Pile,CRITICAL,0.73,16.180805,81.131015
2026-09-09 23:42:39,Garbage Pile,CRITICAL,0.67,16.180579,81.12964
2026-09-09 23:42:41,Garbage Pile,CRITICAL,0.67,16.181494,81.130293
2026-09-09 23:42:42,Garbage Pile,CRITICAL,0.62,16.181231,81.129784
2026-09-09 23:42:43,Garbage Pile,CRITICAL,0.66,16.180224,81.130108
2026-09-09 23:42:45,Garbage Pile,CRITICAL,0.66,16.18099,81.129951
2026-09-09 23:42:46,Garbage Pile,CRITICAL,0.65,16.180171,81.130073
2026-09-09 23:42:47,Garbage Pile,CRITICAL,0.63,16.180218,81.130308
2026-09-09 23:42:48,Garbage Pile,CRITICAL,0.68,16.181625,81.130526
2026-09-09 23:42:50,Garbage Pile,CRITICAL,0.64,16.181636,81.130901
2026-09-09 23:42:51,Garbage Pile,CRITICAL,0.68,16.18099,81.129684
2026-09-09 23:42:52,Garbage Pile,CRITICAL,0.57,16.180628,81.130365
2026-09-09 23:42:54,Garbage Pile,CRITICAL,0.52,16.180345,81.129626
2026-09-09 23:42:55,Garbage Pile,CRITICAL,0.63,16.181321,81.129738
2026-09-09 23:42:56,Garbage Pile,CRITICAL,0.63,16.181678,81.130478
2026-09-09 23:42:58,Garbage Pile,CRITICAL,0.69,16.180814,81.130634
2026-09-09 23:42:59,Garbage Pile,CRITICAL,0.74,16.181395,81.1309
2026-09-09 23:43:00,Garbage Pile,CRITICAL,0.70,16.180278,81.130402
2026-09-09 23:43:01,Garbage Pile,CRITICAL,0.73,16.181511,81.130242
2026-09-09 23:43:03,Garbage Pile,CRITICAL,0.73,16.180277,81.130002
2026-09-09 23:43:04,Garbage Pile,CRITICAL,0.67,16.18101,81.129649
2026-09-09 23:43:05,Garbage Pile,CRITICAL,0.64,16.180321,81.129859
2026-09-09 23:43:07,Garbage Pile,CRITICAL,0.57,16.180262,81.130058
2026-09-09 23:43:08,Garbage Pile,CRITICAL,0.67,16.180785,81.13074
2026-09-09 23:43:09,Garbage Pile,CRITICAL,0.69,16.181306,81.130541
2026-09-09 23:43:11,Garbage Pile,CRITICAL,0.69,16.18035,81.129696
2026-09-09 23:43:12,Garbage Pile,CRITICAL,0.62,16.180504,81.129532
2026-09-09 23:43:13,Garbage Pile,CRITICAL,0.62,16.18145,81.12971
2026-09-09 23:43:14,Garbage Pile,CRITICAL,0.59,16.181535,81.129885
2026-09-09 23:43:16,Garbage Pile,CRITICAL,0.61,16.181468,81.131012
2026-09-09 23:43:18,Garbage Pile,CRITICAL,0.46,16.181397,81.13075
2026-09-09 23:43:20,Pothole,CRITICAL,0.83,16.180995,81.130204
2026-09-09 23:43:21,Pothole,CRITICAL,0.86,16.18092,81.130709
2026-09-09 23:43:23,Garbage Pile,CRITICAL,0.57,16.180675,81.130168
2026-09-09 23:43:25,Garbage Pile,CRITICAL,0.68,16.180972,81.130454
2026-09-09 23:43:26,Garbage Pile,CRITICAL,0.71,16.180387,81.129598
2026-09-09 23:43:27,Garbage Pile,CRITICAL,0.69,16.180407,81.129645
2026-09-09 23:43:29,Garbage Pile,CRITICAL,0.61,16.180553,81.130778
2026-09-09 23:43:30,Garbage Pile,CRITICAL,0.67,16.180612,81.130268
2026-09-09 23:43:31,Garbage Pile,CRITICAL,0.60,16.180269,81.129649
2026-09-09 23:43:33,Garbage Pile,CRITICAL,0.69,16.18128,81.130467
2026-09-09 23:43:34,Garbage Pile,CRITICAL,0.65,16.180593,81.129918
2026-09-09 23:43:35,Garbage Pile,CRITICAL,0.62,16.181309,81.129574
2026-09-09 23:43:37,Garbage Pile,CRITICAL,0.66,16.180716,81.130981
2026-09-09 23:43:38,Garbage Pile,CRITICAL,0.66,16.180719,81.13108
2026-09-09 23:43:39,Garbage Pile,CRITICAL,0.60,16.181608,81.130464
2026-09-09 23:43:41,Garbage Pile,CRITICAL,0.68,16.180529,81.129645
2026-09-09 23:43:42,Garbage Pile,CRITICAL,0.64,16.180767,81.130614
2026-09-09 23:43:43,Garbage Pile,CRITICAL,0.73,16.180308,81.129753
2026-09-09 23:43:45,Garbage Pile,CRITICAL,0.65,16.181028,81.130653
2026-09-09 23:43:46,Garbage Pile,CRITICAL,0.69,16.180135,81.129752
2026-09-09 23:43:47,Garbage Pile,CRITICAL,0.67,16.181301,81.129598
2026-09-09 23:43:48,Garbage Pile,CRITICAL,0.69,16.180474,81.131071
2026-09-09 23:43:50,Garbage Pile,CRITICAL,0.74,16.181465,81.131041
2026-09-09 23:43:51,Garbage Pile,CRITICAL,0.66,16.181507,81.130416
2026-09-10 13:31:15,Pothole,CRITICAL,0.35,16.181521,81.130044
2026-09-10 13:31:54,Pothole,CRITICAL,0.29,16.18048,81.130598
2026-09-10 13:32:02,Pothole,CRITICAL,0.34,16.180717,81.130905
2026-09-10 13:32:04,Garbage Pile,MINOR,0.70,16.18011,81.13107
2026-09-10 13:32:05,Pothole,CRITICAL,0.87,16.181568,81.130861
2026-09-10 13:32:06,Pothole,CRITICAL,0.87,16.180962,81.130291
2026-09-10 13:32:08,Pothole,MODERATE,0.49,16.180842,81.130813
2026-09-10 13:32:09,Pothole,CRITICAL,0.90,16.180572,81.130251
2026-09-10 13:32:11,Pothole,CRITICAL,0.90,16.18093,81.129807
2026-09-10 13:32:12,Pothole,CRITICAL,0.86,16.181022,81.130686
2026-09-10 13:32:14,Pothole,CRITICAL,0.44,16.181133,81.130786
2026-09-10 13:35:52,Garbage Pile,CRITICAL,0.53,16.180968,81.130928
2026-09-10 13:35:55,Garbage Pile,MINOR,0.65,16.180161,81.130035
2026-09-10 13:35:57,Pothole,CRITICAL,0.85,16.18134,81.130749
2026-09-10 13:35:58,Pothole,CRITICAL,0.86,16.181467,81.130499
2026-09-10 13:36:08,Garbage Pile,CRITICAL,0.65,16.181016,81.13011
2026-09-10 13:36:11,Garbage Pile,CRITICAL,0.80,16.180227,81.129635
2026-09-10 13:36:13,Garbage Pile,CRITICAL,0.59,16.180241,81.130036
2026-09-10 13:36:15,Garbage Pile,CRITICAL,0.65,16.18101,81.130779
2026-09-10 13:36:16,Pothole,CRITICAL,0.37,16.181451,81.130073
2026-09-10 13:36:18,Pothole,CRITICAL,0.63,16.180352,81.130527
2026-09-10 13:36:19,Pothole,CRITICAL,0.79,16.180447,81.130621
2026-09-10 13:36:21,Garbage Pile,CRITICAL,0.49,16.180884,81.131071
2026-09-10 13:38:36,Pothole,CRITICAL,0.36,16.180267,81.130463
2026-09-10 13:38:38,Pothole,CRITICAL,0.42,16.181699,81.130437
2026-09-10 13:38:40,Garbage Pile,CRITICAL,0.47,16.18032,81.130253
2026-09-10 13:38:41,Pothole,CRITICAL,0.35,16.180675,81.130377
2026-09-10 13:38:43,Pothole,CRITICAL,0.43,16.181045,81.130699
2026-09-10 13:38:45,Pothole,CRITICAL,0.44,16.181035,81.130897
2026-09-10 13:38:46,Pothole,CRITICAL,0.36,16.181375,81.129701
2026-09-10 13:38:47,Pothole,CRITICAL,0.35,16.180326,81.129838
2026-09-10 13:38:49,Garbage Pile,CRITICAL,0.49,16.181545,81.130465
2026-09-10 13:38:50,Garbage Pile,CRITICAL,0.53,16.181017,81.129905
2026-09-10 13:38:51,Pothole,CRITICAL,0.36,16.180309,81.130053
2026-09-10 13:38:53,Pothole,CRITICAL,0.35,16.180314,81.130283
2026-09-10 13:38:54,Pothole,CRITICAL,0.32,16.180503,81.130649
2026-09-10 13:38:56,Pothole,CRITICAL,0.31,16.180693,81.130432
2026-09-10 13:38:57,Garbage Pile,CRITICAL,0.49,16.181445,81.130473
2026-09-10 13:38:59,Garbage Pile,CRITICAL,0.51,16.181045,81.12984
2026-09-10 13:56:24,Garbage Pile,CRITICAL,0.70,16.181315,81.130162
2026-09-10 13:56:29,Pothole,MODERATE,0.31,16.180698,81.129717
2026-09-10 13:56:32,Pothole,MINOR,0.41,16.181357,81.130179
2026-09-10 13:56:39,Pothole,MINOR,0.34,16.180795,81.130668
2026-09-10 13:56:40,Pothole,MINOR,0.66,16.181158,81.130137
2026-09-10 13:56:42,Garbage Pile,CRITICAL,0.57,16.18012,81.129608
2026-09-10 13:56:43,Garbage Pile,CRITICAL,0.86,16.180587,81.130043
2026-09-10 13:56:45,Garbage Pile,MODERATE,0.51,16.181126,81.130535
2026-09-10 13:56:46,Garbage Pile,CRITICAL,0.63,16.181221,81.130044
2026-09-10 13:56:48,Garbage Pile,CRITICAL,0.54,16.180992,81.130291
2026-09-10 13:56:49,Garbage Pile,CRITICAL,0.79,16.180815,81.130289
2026-09-10 13:56:51,Pothole,MINOR,0.48,16.180929,81.12977
2026-09-10 13:56:53,Pothole,MINOR,0.47,16.181474,81.130187
2026-09-10 13:56:54,Garbage Pile,CRITICAL,0.46,16.180451,81.131042
2026-09-10 13:56:55,Pothole,CRITICAL,0.72,16.180999,81.129585
2026-09-10 13:57:09,Garbage Pile,CRITICAL,0.47,16.181532,81.130295
2026-09-10 13:57:12,Garbage Pile,CRITICAL,0.50,16.180214,81.129732
2026-09-10 14:04:39,Garbage Pile,CRITICAL,0.61,16.180217,81.129595
2026-09-10 14:04:40,Garbage Pile,CRITICAL,0.64,16.180471,81.130837
2026-09-10 14:04:41,Garbage Pile,CRITICAL,0.56,16.180902,81.129666
2026-09-10 14:04:43,Garbage Pile,CRITICAL,0.59,16.181684,81.129582
2026-09-10 14:04:44,Garbage Pile,CRITICAL,0.49,16.181401,81.129538
2026-09-10 14:04:45,Garbage Pile,CRITICAL,0.58,16.181507,81.130341
2026-09-10 14:04:52,Pothole,MODERATE,0.65,16.180322,81.130146
2026-09-10 14:04:53,Pothole,CRITICAL,0.82,16.180722,81.130062
2026-09-10 14:04:56,Garbage Pile,CRITICAL,0.77,16.180924,81.130749
2026-09-10 14:05:03,Garbage Pile,CRITICAL,0.80,16.181582,81.130646
2026-09-10 14:05:04,Garbage Pile,CRITICAL,0.82,16.181568,81.130279
2026-09-10 14:05:08,Garbage Pile,CRITICAL,0.76,16.180926,81.130924
2026-09-10 14:05:10,Garbage Pile,CRITICAL,0.76,16.180882,81.129569
2026-09-10 14:05:11,Garbage Pile,CRITICAL,0.79,16.181153,81.131079
2026-09-10 14:38:42,Pothole,CRITICAL,0.79,16.180647,81.130132
2026-09-10 14:38:43,Pothole,CRITICAL,0.83,16.180781,81.130242
2026-09-10 14:38:44,Pothole,CRITICAL,0.73,16.181658,81.13054
2026-09-10 14:38:46,Pothole,MINOR,0.60,16.180156,81.131041
2026-09-10 14:38:47,Pothole,CRITICAL,0.89,16.18108,81.13054
2026-09-10 14:38:49,Pothole,CRITICAL,0.84,16.181085,81.129704
2026-09-10 14:38:50,Pothole,CRITICAL,0.85,16.180233,81.12967
2026-09-10 14:38:51,Pothole,CRITICAL,0.82,16.181132,81.129905
2026-09-10 14:38:53,Pothole,CRITICAL,0.85,16.180524,81.130921
2026-09-10 14:38:54,Pothole,CRITICAL,0.74,16.181471,81.130901
2026-09-10 14:38:56,Garbage Pile,MODERATE,0.52,16.180504,81.129565
2026-09-10 16:06:59,Garbage Pile,CRITICAL,0.51,16.181166,81.130465
2026-09-10 16:07:10,Pothole,CRITICAL,0.85,16.18067,81.129679
2026-09-10 16:07:14,Garbage Pile,MODERATE,0.51,16.18151,81.130555
2026-09-10 16:07:16,Pothole,CRITICAL,0.87,16.180884,81.130045
2026-09-10 16:07:17,Pothole,CRITICAL,0.87,16.181492,81.129826
2026-09-10 16:07:19,Pothole,CRITICAL,0.87,16.180279,81.130509
2026-09-10 16:32:12,Pothole,MODERATE,0.51,16.18153,81.130286
2026-09-10 16:32:13,Pothole,CRITICAL,0.76,16.180811,81.13104
2026-09-10 16:32:15,Pothole,CRITICAL,0.91,16.180224,81.130111
2026-09-10 16:59:18,Pothole,CRITICAL,0.67,16.181297,81.131015
2026-09-10 16:59:19,Pothole,CRITICAL,0.46,16.181637,81.130592
2026-09-10 17:04:07,Pothole,CRITICAL,0.71,16.180255,81.130828
2026-09-10 17:04:09,Pothole,CRITICAL,0.84,16.181193,81.130991
2026-09-10 17:08:32,Pothole,CRITICAL,0.86,16.180149,81.130573
2026-09-10 17:08:49,Garbage Pile,CRITICAL,0.59,16.18028,81.130445
2026-09-10 17:12:42,Pothole,CRITICAL,0.88,16.180897,81.13034
2026-09-10 17:12:57,Garbage Pile,CRITICAL,0.50,16.181599,81.130841
2026-09-10 17:14:38,Pothole,CRITICAL,0.79,16.181,81.130805
2026-09-10 17:14:53,Pothole,CRITICAL,0.83,16.180314,81.130673
2026-09-10 17:18:24,Pothole,CRITICAL,0.85,16.181666,81.129937
2026-09-10 17:18:38,Pothole,CRITICAL,0.86,16.180434,81.131068
2026-09-10 17:18:39,Pothole,CRITICAL,0.82,16.180767,81.129712
2026-09-10 17:18:41,Pothole,CRITICAL,0.82,16.180103,81.130566
2026-09-10 18:05:07,Pothole,CRITICAL,0.79,16.18086,81.129613
2026-09-10 18:05:09,Garbage Pile,MINOR,0.51,16.180757,81.130377
2026-09-10 18:05:10,Garbage Pile,MINOR,0.58,16.180665,81.130656
2026-09-10 18:05:12,Garbage Pile,MINOR,0.61,16.180594,81.130093
2026-09-10 18:05:13,Garbage Pile,MINOR,0.62,16.180142,81.12954
2026-09-10 18:05:14,Garbage Pile,MINOR,0.59,16.181313,81.130963
2026-09-10 18:05:16,Garbage Pile,MINOR,0.52,16.181366,81.130167
2026-09-10 18:05:17,Garbage Pile,MINOR,0.55,16.181073,81.130497
2026-09-10 18:05:18,Garbage Pile,MINOR,0.61,16.181571,81.130408
2026-09-10 18:05:20,Garbage Pile,MINOR,0.57,16.180449,81.130259
2026-09-10 18:05:21,Garbage Pile,MINOR,0.51,16.181555,81.12981
2026-09-10 18:05:23,Garbage Pile,MINOR,0.50,16.180422,81.130843
2026-09-10 18:05:26,Garbage Pile,MINOR,0.62,16.180114,81.130325
2026-09-10 18:05:27,Garbage Pile,MINOR,0.49,16.180145,81.130841
2026-09-10 18:05:28,Garbage Pile,MINOR,0.58,16.181609,81.130166
2026-09-10 18:05:30,Garbage Pile,MINOR,0.59,16.180492,81.129966
2026-09-10 18:05:31,Garbage Pile,MINOR,0.56,16.180632,81.130109
2026-09-10 18:05:33,Garbage Pile,MINOR,0.62,16.181348,81.130208
2026-09-10 18:05:34,Garbage Pile,MINOR,0.63,16.181208,81.130483
2026-09-10 18:05:35,Garbage Pile,MINOR,0.56,16.180438,81.130013
2026-09-10 18:05:37,Garbage Pile,MINOR,0.60,16.180776,81.131073
2026-09-10 18:05:39,Garbage Pile,MINOR,0.49,16.180557,81.130709
2026-09-10 18:05:40,Garbage Pile,MINOR,0.62,16.180948,81.130153
2026-09-10 18:05:41,Garbage Pile,MINOR,0.64,16.181254,81.130379
2026-09-10 19:11:36,Garbage Pile,MINOR,0.67,16.181209,81.130419
2026-09-10 19:11:38,Garbage Pile,MINOR,0.59,16.181056,81.13081
2026-09-10 19:11:39,Garbage Pile,CRITICAL,0.75,16.181036,81.130661
2026-09-10 19:11:40,Garbage Pile,MINOR,0.58,16.180392,81.130903
2026-09-10 19:11:41,Garbage Pile,MINOR,0.57,16.180202,81.129705
2026-09-10 19:11:55,Garbage Pile,MINOR,0.58,16.18128,81.130695
2026-09-10 19:12:22,Garbage Pile,MINOR,0.50,16.181586,81.130977
2026-09-10 19:12:24,Garbage Pile,MINOR,0.61,16.180789,81.130299
2026-09-10 19:12:43,Pothole,CRITICAL,0.81,16.180939,81.130236
2026-09-10 19:12:44,Garbage Pile,CRITICAL,0.48,16.180289,81.130006
2026-09-10 19:12:46,Garbage Pile,MINOR,0.54,16.180777,81.13011
2026-09-10 19:12:48,Garbage Pile,MINOR,0.56,16.180769,81.129836
2026-09-10 19:12:52,Garbage Pile,MINOR,0.58,16.181537,81.129744
2026-09-10 19:13:14,Garbage Pile,MINOR,0.56,16.181215,81.130803
2026-09-10 19:13:19,Garbage Pile,MINOR,0.60,16.181107,81.13023
2026-09-10 19:13:21,Garbage Pile,MINOR,0.51,16.180897,81.131019
2026-09-10 19:13:23,Garbage Pile,MINOR,0.64,16.181454,81.13099
2026-09-10 19:13:25,Garbage Pile,MINOR,0.59,16.180973,81.130719
2026-09-10 19:13:40,Garbage Pile,MINOR,0.54,16.181255,81.130632
2026-09-10 19:13:44,Garbage Pile,MINOR,0.52,16.181208,81.13059
2026-09-10 19:13:45,Garbage Pile,MINOR,0.49,16.18103,81.131097
2026-09-10 19:15:35,Garbage Pile,MINOR,0.51,16.180618,81.130979
